"subject_id","treatment_id","paper_id","choice","endowment","cooperation","gender","age"
"2017Del037_3_201","2017Del037_3","2017Del037",6,13,0.461538461538462,1,29
"2017Del037_3_202","2017Del037_3","2017Del037",6,12,0.5,1,35
"2017Del037_3_205","2017Del037_3","2017Del037",0,11,0,1,37
"2017Del037_3_206","2017Del037_3","2017Del037",5,11,0.454545454545455,1,36
"2017Del037_3_207","2017Del037_3","2017Del037",2,12,0.166666666666667,0,33
"2017Del037_3_209","2017Del037_3","2017Del037",1,10,0.1,0,33
"2017Del037_3_214","2017Del037_3","2017Del037",7,11,0.636363636363636,0,36
"2017Del037_3_216","2017Del037_3","2017Del037",1,12,0.0833333333333333,1,35
"2017Del037_3_218","2017Del037_3","2017Del037",2,11,0.181818181818182,1,35
"2017Del037_3_220","2017Del037_3","2017Del037",1,11,0.0909090909090909,0,29
"2017Del037_3_223","2017Del037_3","2017Del037",2,12,0.166666666666667,0,36
"2017Del037_3_224","2017Del037_3","2017Del037",1,9,0.111111111111111,1,36
"2017Del037_3_301","2017Del037_3","2017Del037",3,9,0.333333333333333,0,34
"2017Del037_3_305","2017Del037_3","2017Del037",4,13,0.307692307692308,1,35
"2017Del037_3_311","2017Del037_3","2017Del037",0,10,0,1,36
"2017Del037_3_312","2017Del037_3","2017Del037",5,10,0.5,1,33
"2017Del037_3_314","2017Del037_3","2017Del037",4,9,0.444444444444444,1,35
"2017Del037_3_315","2017Del037_3","2017Del037",1,6,0.166666666666667,0,35
"2017Del037_3_316","2017Del037_3","2017Del037",3,10,0.3,0,31
"2017Del037_3_317","2017Del037_3","2017Del037",5,11,0.454545454545455,1,33
"2017Del037_3_320","2017Del037_3","2017Del037",0,5,0,1,35
"2017Del037_3_321","2017Del037_3","2017Del037",3,9,0.333333333333333,0,35
"2017Del037_3_323","2017Del037_3","2017Del037",2,11,0.181818181818182,1,35
"2017Del037_3_324","2017Del037_3","2017Del037",6,12,0.5,0,30
"2017Del037_3_501","2017Del037_3","2017Del037",3,11,0.272727272727273,1,36
"2017Del037_3_502","2017Del037_3","2017Del037",5,11,0.454545454545455,0,34
"2017Del037_3_506","2017Del037_3","2017Del037",4,11,0.363636363636364,1,36
"2017Del037_3_507","2017Del037_3","2017Del037",5,13,0.384615384615385,0,33
"2017Del037_3_508","2017Del037_3","2017Del037",2,6,0.333333333333333,1,36
"2017Del037_3_509","2017Del037_3","2017Del037",4,11,0.363636363636364,0,34
"2017Del037_3_510","2017Del037_3","2017Del037",2,10,0.2,1,36
"2017Del037_3_512","2017Del037_3","2017Del037",1,10,0.1,0,36
"2017Del037_3_514","2017Del037_3","2017Del037",3,7,0.428571428571429,0,29
"2017Del037_3_515","2017Del037_3","2017Del037",4,11,0.363636363636364,1,34
"2017Del037_2_102","2017Del037_2","2017Del037",0,11,0,1,34
"2017Del037_2_103","2017Del037_2","2017Del037",5,15,0.333333333333333,1,36
"2017Del037_2_104","2017Del037_2","2017Del037",7,13,0.538461538461538,1,31
"2017Del037_2_105","2017Del037_2","2017Del037",4,11,0.363636363636364,0,34
"2017Del037_2_109","2017Del037_2","2017Del037",5,10,0.5,0,32
"2017Del037_2_110","2017Del037_2","2017Del037",0,14,0,0,30
"2017Del037_2_112","2017Del037_2","2017Del037",3,11,0.272727272727273,1,33
"2017Del037_2_117","2017Del037_2","2017Del037",5,11,0.454545454545455,1,32
"2017Del037_2_118","2017Del037_2","2017Del037",4,12,0.333333333333333,1,34
"2017Del037_2_120","2017Del037_2","2017Del037",0,13,0,1,28
"2017Del037_2_401","2017Del037_2","2017Del037",3,7,0.428571428571429,1,35
"2017Del037_2_406","2017Del037_2","2017Del037",1,10,0.1,0,34
"2017Del037_2_407","2017Del037_2","2017Del037",1,10,0.1,1,35
"2017Del037_2_412","2017Del037_2","2017Del037",0,10,0,1,32
"2017Del037_2_413","2017Del037_2","2017Del037",0,11,0,1,35
"2017Del037_2_414","2017Del037_2","2017Del037",5,11,0.454545454545455,1,36
"2017Del037_2_415","2017Del037_2","2017Del037",0,11,0,1,35
"2017Del037_2_416","2017Del037_2","2017Del037",0,10,0,1,34
"2017Del037_2_417","2017Del037_2","2017Del037",4,12,0.333333333333333,0,34
"2017Del037_2_420","2017Del037_2","2017Del037",3,11,0.272727272727273,0,30
"2017Del037_2_602","2017Del037_2","2017Del037",3,13,0.230769230769231,0,35
"2017Del037_2_603","2017Del037_2","2017Del037",2,9,0.222222222222222,0,35
"2017Del037_2_606","2017Del037_2","2017Del037",0,15,0,1,35
"2017Del037_2_607","2017Del037_2","2017Del037",5,11,0.454545454545455,1,31
"2017Del037_2_608","2017Del037_2","2017Del037",2,10,0.2,0,36
"2017Del037_2_611","2017Del037_2","2017Del037",4,12,0.333333333333333,1,35
"2017Del037_2_613","2017Del037_2","2017Del037",3,11,0.272727272727273,1,36
"2017Del037_2_615","2017Del037_2","2017Del037",2,10,0.2,0,36
"2017Del037_2_616","2017Del037_2","2017Del037",7,12,0.583333333333333,1,34
"2017Del037_2_617","2017Del037_2","2017Del037",2,10,0.2,0,35
"2017Del037_2_621","2017Del037_2","2017Del037",6,14,0.428571428571429,1,35
"2017Del037_2_624","2017Del037_2","2017Del037",1,9,0.111111111111111,0,29
"2017Del037_1_703","2017Del037_1","2017Del037",0,9,0,0,34
"2017Del037_1_704","2017Del037_1","2017Del037",4,10,0.4,1,34
"2017Del037_1_705","2017Del037_1","2017Del037",0,9,0,0,30
"2017Del037_1_707","2017Del037_1","2017Del037",2,8,0.25,0,33
"2017Del037_1_708","2017Del037_1","2017Del037",3,12,0.25,1,32
"2017Del037_1_710","2017Del037_1","2017Del037",4,8,0.5,0,28
"2017Del037_1_712","2017Del037_1","2017Del037",6,13,0.461538461538462,0,35
"2017Del037_1_717","2017Del037_1","2017Del037",3,11,0.272727272727273,1,34
"2017Del037_1_718","2017Del037_1","2017Del037",1,10,0.1,0,33
"2017Del037_1_802","2017Del037_1","2017Del037",5,11,0.454545454545455,1,35
"2017Del037_1_804","2017Del037_1","2017Del037",3,9,0.333333333333333,1,31
"2017Del037_1_805","2017Del037_1","2017Del037",0,13,0,1,28
"2017Del037_1_810","2017Del037_1","2017Del037",1,10,0.1,1,35
"2017Del037_1_813","2017Del037_1","2017Del037",0,10,0,0,31
"2017Del037_1_814","2017Del037_1","2017Del037",0,12,0,1,35
"2017Del037_1_815","2017Del037_1","2017Del037",5,12,0.416666666666667,1,34
"2017Del037_1_817","2017Del037_1","2017Del037",1,11,0.0909090909090909,1,36
"2017Del037_1_819","2017Del037_1","2017Del037",1,11,0.0909090909090909,0,31
"2017Del037_1_820","2017Del037_1","2017Del037",1,6,0.166666666666667,0,34
"2017Del037_1_901","2017Del037_1","2017Del037",5,15,0.333333333333333,1,32
"2017Del037_1_903","2017Del037_1","2017Del037",6,12,0.5,1,34
"2017Del037_1_906","2017Del037_1","2017Del037",2,8,0.25,0,33
"2017Del037_1_908","2017Del037_1","2017Del037",0,12,0,1,35
"2017Del037_1_909","2017Del037_1","2017Del037",2,5,0.4,0,24
"2017Del037_1_910","2017Del037_1","2017Del037",4,11,0.363636363636364,1,31
"2017Del037_1_911","2017Del037_1","2017Del037",3,12,0.25,1,36
"2017Del037_1_916","2017Del037_1","2017Del037",6,12,0.5,0,34
"2017Del037_1_917","2017Del037_1","2017Del037",3,9,0.333333333333333,0,35
"2017Del037_1_918","2017Del037_1","2017Del037",1,10,0.1,1,32
"2017Del037_1_920","2017Del037_1","2017Del037",0,0,NA,0,33
"2020Bas115_2a_aagi12","2020Bas115_2a","2020Bas115",3,10,0.3,1,26
"2020Bas115_2a_aamu03","2020Bas115_2a","2020Bas115",0,10,0,1,28
"2020Bas115_2a_aape01","2020Bas115_2a","2020Bas115",5,10,0.5,0,67
"2020Bas115_2a_aapo29","2020Bas115_2a","2020Bas115",4,10,0.4,1,21
"2020Bas115_2a_aasi28","2020Bas115_2a","2020Bas115",3,10,0.3,1,25
"2020Bas115_2a_aatu01","2020Bas115_2a","2020Bas115",3,10,0.3,1,25
"2020Bas115_2a_abab05","2020Bas115_2a","2020Bas115",0,10,0,1,25
"2020Bas115_2a_abhu15","2020Bas115_2a","2020Bas115",0,10,0,1,25
"2020Bas115_2a_abmo19","2020Bas115_2a","2020Bas115",3,10,0.3,0,23
"2020Bas115_2a_abnu06","2020Bas115_2a","2020Bas115",3,10,0.3,0,26
"2020Bas115_2a_abro29","2020Bas115_2a","2020Bas115",1,10,0.1,1,23
"2020Bas115_2a_abua11","2020Bas115_2a","2020Bas115",0,10,0,0,25
"2020Bas115_2a_aera20","2020Bas115_2a","2020Bas115",5,10,0.5,1,23
"2020Bas115_2a_ahfo02","2020Bas115_2a","2020Bas115",5,10,0.5,1,25
"2020Bas115_2a_ahro05","2020Bas115_2a","2020Bas115",5,10,0.5,1,26
"2020Bas115_2a_airr24","2020Bas115_2a","2020Bas115",5,10,0.5,0,25
"2020Bas115_2a_aiua23","2020Bas115_2a","2020Bas115",5,10,0.5,0,20
"2020Bas115_2a_ajee04","2020Bas115_2a","2020Bas115",0,10,0,1,26
"2020Bas115_2a_ajmu24","2020Bas115_2a","2020Bas115",5,10,0.5,1,25
"2020Bas115_2a_albu24","2020Bas115_2a","2020Bas115",1,10,0.1,0,28
"2020Bas115_2a_amdi04","2020Bas115_2a","2020Bas115",5,10,0.5,0,20
"2020Bas115_2a_amhe10","2020Bas115_2a","2020Bas115",4,10,0.4,1,22
"2020Bas115_2a_amko28","2020Bas115_2a","2020Bas115",6,10,0.6,0,21
"2020Bas115_2a_amma24","2020Bas115_2a","2020Bas115",0,10,0,1,29
"2020Bas115_2a_amsa26","2020Bas115_2a","2020Bas115",0,10,0,0,25
"2020Bas115_2a_amwo05","2020Bas115_2a","2020Bas115",0,10,0,0,27
"2020Bas115_2a_amwo27","2020Bas115_2a","2020Bas115",5,10,0.5,0,24
"2020Bas115_2a_anga10","2020Bas115_2a","2020Bas115",1,10,0.1,0,22
"2020Bas115_2a_apbo30","2020Bas115_2a","2020Bas115",3,10,0.3,1,20
"2020Bas115_2a_arge05","2020Bas115_2a","2020Bas115",0,10,0,1,23
"2020Bas115_2a_armo27","2020Bas115_2a","2020Bas115",4,10,0.4,1,21
"2020Bas115_2a_arwa10","2020Bas115_2a","2020Bas115",0,10,0,1,29
"2020Bas115_2a_asau12","2020Bas115_2a","2020Bas115",3,10,0.3,1,26
"2020Bas115_2a_ascr05","2020Bas115_2a","2020Bas115",0,10,0,1,20
"2020Bas115_2a_asdo03","2020Bas115_2a","2020Bas115",0,10,0,0,19
"2020Bas115_2a_asso04","2020Bas115_2a","2020Bas115",3,10,0.3,1,23
"2020Bas115_2a_asto28","2020Bas115_2a","2020Bas115",0,10,0,1,22
"2020Bas115_2a_asue29","2020Bas115_2a","2020Bas115",4,10,0.4,1,23
"2020Bas115_2a_bfno09","2020Bas115_2a","2020Bas115",4,10,0.4,1,27
"2020Bas115_2a_bsoo05","2020Bas115_2a","2020Bas115",0,10,0,0,20
"2020Bas115_2a_eaau14","2020Bas115_2a","2020Bas115",0,10,0,0,25
"2020Bas115_2a_eahr19","2020Bas115_2a","2020Bas115",5,10,0.5,1,25
"2020Bas115_2a_ebge20","2020Bas115_2a","2020Bas115",5,10,0.5,1,20
"2020Bas115_2a_ecce01","2020Bas115_2a","2020Bas115",0,10,0,1,23
"2020Bas115_2a_ecma28","2020Bas115_2a","2020Bas115",0,10,0,0,27
"2020Bas115_2a_eete24","2020Bas115_2a","2020Bas115",3,10,0.3,1,36
"2020Bas115_2a_efhe22","2020Bas115_2a","2020Bas115",5,10,0.5,1,28
"2020Bas115_2a_egke10","2020Bas115_2a","2020Bas115",0,10,0,0,25
"2020Bas115_2a_ehau28","2020Bas115_2a","2020Bas115",5,10,0.5,1,28
"2020Bas115_2a_ejme24","2020Bas115_2a","2020Bas115",5,10,0.5,1,74
"2020Bas115_2a_ekto27","2020Bas115_2a","2020Bas115",2,10,0.2,0,25
"2020Bas115_2a_emiu17","2020Bas115_2a","2020Bas115",5,10,0.5,1,21
"2020Bas115_2a_enhe06","2020Bas115_2a","2020Bas115",10,10,1,1,36
"2020Bas115_2a_esno30","2020Bas115_2a","2020Bas115",4,10,0.4,0,32
"2020Bas115_2a_espo28","2020Bas115_2a","2020Bas115",2,10,0.2,1,27
"2020Bas115_2a_essu11","2020Bas115_2a","2020Bas115",2,10,0.2,1,26
"2020Bas115_2a_ezha19","2020Bas115_2a","2020Bas115",0,10,0,1,28
"2020Bas115_2a_ezma09","2020Bas115_2a","2020Bas115",4,10,0.4,0,22
"2020Bas115_2a_fezi02","2020Bas115_2a","2020Bas115",5,10,0.5,0,27
"2020Bas115_2a_hage06","2020Bas115_2a","2020Bas115",4,10,0.4,1,22
"2020Bas115_2a_hamu30","2020Bas115_2a","2020Bas115",5,10,0.5,0,28
"2020Bas115_2a_hbda07","2020Bas115_2a","2020Bas115",5,10,0.5,0,31
"2020Bas115_2a_hbge12","2020Bas115_2a","2020Bas115",5,10,0.5,1,23
"2020Bas115_2a_hhbs26","2020Bas115_2a","2020Bas115",5,10,0.5,0,36
"2020Bas115_2a_hith07","2020Bas115_2a","2020Bas115",3,10,0.3,0,30
"2020Bas115_2a_hwhr05","2020Bas115_2a","2020Bas115",3,10,0.3,0,26
"2020Bas115_2a_iajo26","2020Bas115_2a","2020Bas115",0,10,0,0,19
"2020Bas115_2a_ibde07","2020Bas115_2a","2020Bas115",3,10,0.3,1,23
"2020Bas115_2a_ibja09","2020Bas115_2a","2020Bas115",0,10,0,1,26
"2020Bas115_2a_ibso07","2020Bas115_2a","2020Bas115",0,10,0,1,27
"2020Bas115_2a_icho19","2020Bas115_2a","2020Bas115",0,10,0,1,28
"2020Bas115_2a_idiu15","2020Bas115_2a","2020Bas115",4,10,0.4,1,25
"2020Bas115_2a_igha19","2020Bas115_2a","2020Bas115",5,10,0.5,1,20
"2020Bas115_2a_iiae13","2020Bas115_2a","2020Bas115",4,10,0.4,1,29
"2020Bas115_2a_iice13","2020Bas115_2a","2020Bas115",3,10,0.3,1,21
"2020Bas115_2a_iimo13","2020Bas115_2a","2020Bas115",5,10,0.5,1,23
"2020Bas115_2a_ijjo09","2020Bas115_2a","2020Bas115",3,10,0.3,1,22
"2020Bas115_2a_imja22","2020Bas115_2a","2020Bas115",0,10,0,1,23
"2020Bas115_2a_imwo14","2020Bas115_2a","2020Bas115",0,10,0,1,25
"2020Bas115_2a_ipah25","2020Bas115_2a","2020Bas115",1,10,0.1,0,28
"2020Bas115_2a_jmbo10","2020Bas115_2a","2020Bas115",0,10,0,0,35
"2020Bas115_2a_lahi20","2020Bas115_2a","2020Bas115",5,10,0.5,1,21
"2020Bas115_2a_lbia18","2020Bas115_2a","2020Bas115",5,10,0.5,0,29
"2020Bas115_2a_lcge22","2020Bas115_2a","2020Bas115",2,10,0.2,1,26
"2020Bas115_2a_lhue29","2020Bas115_2a","2020Bas115",5,10,0.5,1,34
"2020Bas115_2a_llii05","2020Bas115_2a","2020Bas115",0,10,0,1,23
"2020Bas115_2a_mcho24","2020Bas115_2a","2020Bas115",5,10,0.5,1,25
"2020Bas115_2a_naga22","2020Bas115_2a","2020Bas115",0,10,0,1,32
"2020Bas115_2a_neio26","2020Bas115_2a","2020Bas115",0,10,0,1,29
"2020Bas115_2a_neji13","2020Bas115_2a","2020Bas115",2,10,0.2,1,23
"2020Bas115_2a_nesa18","2020Bas115_2a","2020Bas115",2,10,0.2,1,22
"2020Bas115_2a_nkye05","2020Bas115_2a","2020Bas115",4,10,0.4,0,28
"2020Bas115_2a_nldy29","2020Bas115_2a","2020Bas115",5,10,0.5,1,28
"2020Bas115_2a_nmpo08","2020Bas115_2a","2020Bas115",1,10,0.1,1,27
"2020Bas115_2a_nsgo08","2020Bas115_2a","2020Bas115",4,10,0.4,1,23
"2020Bas115_2a_nsno17","2020Bas115_2a","2020Bas115",0,10,0,0,19
"2020Bas115_2a_nsnu29","2020Bas115_2a","2020Bas115",2,10,0.2,1,25
"2020Bas115_2a_oaju25","2020Bas115_2a","2020Bas115",5,10,0.5,0,27
"2020Bas115_2a_obdl31","2020Bas115_2a","2020Bas115",4,10,0.4,1,21
"2020Bas115_2a_ocio26","2020Bas115_2a","2020Bas115",4,10,0.4,1,30
"2020Bas115_2a_ocme04","2020Bas115_2a","2020Bas115",4,10,0.4,0,27
"2020Bas115_2a_ocmu18","2020Bas115_2a","2020Bas115",5,10,0.5,0,23
"2020Bas115_2a_oesi24","2020Bas115_2a","2020Bas115",0,10,0,0,25
"2020Bas115_2a_ojea25","2020Bas115_2a","2020Bas115",0,10,0,0,61
"2020Bas115_2a_okmi03","2020Bas115_2a","2020Bas115",1,10,0.1,1,23
"2020Bas115_2a_okpe06","2020Bas115_2a","2020Bas115",0,10,0,0,22
"2020Bas115_2a_omeo02","2020Bas115_2a","2020Bas115",3,10,0.3,0,23
"2020Bas115_2a_omra22","2020Bas115_2a","2020Bas115",5,10,0.5,1,21
"2020Bas115_2a_omro31","2020Bas115_2a","2020Bas115",0,10,0,1,24
"2020Bas115_2a_osmr18","2020Bas115_2a","2020Bas115",5,10,0.5,1,27
"2020Bas115_2a_osur07","2020Bas115_2a","2020Bas115",3,10,0.3,0,24
"2020Bas115_2a_ouht02","2020Bas115_2a","2020Bas115",5,10,0.5,1,24
"2020Bas115_2a_rbba15","2020Bas115_2a","2020Bas115",4,10,0.4,1,27
"2020Bas115_2a_rbtr19","2020Bas115_2a","2020Bas115",0,10,0,0,24
"2020Bas115_2a_rmmi27","2020Bas115_2a","2020Bas115",0,10,0,0,25
"2020Bas115_2a_sbaf19","2020Bas115_2a","2020Bas115",0,10,0,1,21
"2020Bas115_2a_uari14","2020Bas115_2a","2020Bas115",3,10,0.3,1,26
"2020Bas115_2a_ubka03","2020Bas115_2a","2020Bas115",0,10,0,1,23
"2020Bas115_2a_ubmo02","2020Bas115_2a","2020Bas115",5,10,0.5,1,22
"2020Bas115_2a_ueao29","2020Bas115_2a","2020Bas115",4,10,0.4,1,24
"2020Bas115_2a_ushi13","2020Bas115_2a","2020Bas115",5,10,0.5,1,27
"2020Bas115_2a_ustu15","2020Bas115_2a","2020Bas115",3,10,0.3,1,23
"2020Bas115_2a_utao29","2020Bas115_2a","2020Bas115",0,10,0,1,29
"2020Bas115_2a_utva04","2020Bas115_2a","2020Bas115",0,10,0,1,22
"2020Bas115_2a_vasb28","2020Bas115_2a","2020Bas115",4,10,0.4,1,22
"2020Bas115_2a_vpmu27","2020Bas115_2a","2020Bas115",0,10,0,1,27
"2020Bas115_2a_ytca09","2020Bas115_2a","2020Bas115",5,10,0.5,1,24
"2020Bas115_1a_aaar13","2020Bas115_1a","2020Bas115",5,10,0.5,1,74
"2020Bas115_1a_aahr03","2020Bas115_1a","2020Bas115",5,10,0.5,1,24
"2020Bas115_1a_aavr09","2020Bas115_1a","2020Bas115",0,10,0,1,22
"2020Bas115_1a_aawo25","2020Bas115_1a","2020Bas115",4,10,0.4,0,36
"2020Bas115_1a_abcn29","2020Bas115_1a","2020Bas115",0,10,0,0,23
"2020Bas115_1a_abco29","2020Bas115_1a","2020Bas115",5,10,0.5,1,25
"2020Bas115_1a_abdo25","2020Bas115_1a","2020Bas115",5,10,0.5,1,24
"2020Bas115_1a_abju25","2020Bas115_1a","2020Bas115",4,10,0.4,0,30
"2020Bas115_1a_abmt22","2020Bas115_1a","2020Bas115",5,10,0.5,0,27
"2020Bas115_1a_aboo18","2020Bas115_1a","2020Bas115",5,10,0.5,1,28
"2020Bas115_1a_abwt17","2020Bas115_1a","2020Bas115",5,10,0.5,0,25
"2020Bas115_1a_acje13","2020Bas115_1a","2020Bas115",3,10,0.3,0,22
"2020Bas115_1a_adgu03","2020Bas115_1a","2020Bas115",5,10,0.5,0,28
"2020Bas115_1a_aehr08","2020Bas115_1a","2020Bas115",5,10,0.5,0,27
"2020Bas115_1a_agdc16","2020Bas115_1a","2020Bas115",4,10,0.4,1,24
"2020Bas115_1a_agga18","2020Bas115_1a","2020Bas115",5,10,0.5,1,24
"2020Bas115_1a_agho14","2020Bas115_1a","2020Bas115",5,10,0.5,1,24
"2020Bas115_1a_agoo23","2020Bas115_1a","2020Bas115",5,10,0.5,0,36
"2020Bas115_1a_aida08","2020Bas115_1a","2020Bas115",5,10,0.5,1,27
"2020Bas115_1a_aimo13","2020Bas115_1a","2020Bas115",5,10,0.5,1,22
"2020Bas115_1a_akja06","2020Bas115_1a","2020Bas115",5,10,0.5,0,22
"2020Bas115_1a_akmo15","2020Bas115_1a","2020Bas115",5,10,0.5,1,24
"2020Bas115_1a_akno23","2020Bas115_1a","2020Bas115",0,10,0,0,26
"2020Bas115_1a_amra13","2020Bas115_1a","2020Bas115",5,10,0.5,1,26
"2020Bas115_1a_amtu29","2020Bas115_1a","2020Bas115",5,10,0.5,1,24
"2020Bas115_1a_amwa20","2020Bas115_1a","2020Bas115",5,10,0.5,0,25
"2020Bas115_1a_amwu22","2020Bas115_1a","2020Bas115",4,10,0.4,0,21
"2020Bas115_1a_aodi09","2020Bas115_1a","2020Bas115",5,10,0.5,0,23
"2020Bas115_1a_apfo19","2020Bas115_1a","2020Bas115",5,10,0.5,1,21
"2020Bas115_1a_asdu12","2020Bas115_1a","2020Bas115",5,10,0.5,0,29
"2020Bas115_1a_ashe14","2020Bas115_1a","2020Bas115",5,10,0.5,1,24
"2020Bas115_1a_asit10","2020Bas115_1a","2020Bas115",5,10,0.5,0,31
"2020Bas115_1a_asko17","2020Bas115_1a","2020Bas115",3,10,0.3,1,20
"2020Bas115_1a_asko29","2020Bas115_1a","2020Bas115",5,10,0.5,0,24
"2020Bas115_1a_atbu30","2020Bas115_1a","2020Bas115",5,10,0.5,0,30
"2020Bas115_1a_atkr26","2020Bas115_1a","2020Bas115",5,10,0.5,1,22
"2020Bas115_1a_atra26","2020Bas115_1a","2020Bas115",4,10,0.4,0,30
"2020Bas115_1a_avna11","2020Bas115_1a","2020Bas115",0,10,0,0,30
"2020Bas115_1a_azmo30","2020Bas115_1a","2020Bas115",5,10,0.5,0,27
"2020Bas115_1a_eamo23","2020Bas115_1a","2020Bas115",3,10,0.3,0,18
"2020Bas115_1a_eato23","2020Bas115_1a","2020Bas115",5,10,0.5,1,27
"2020Bas115_1a_eauc13","2020Bas115_1a","2020Bas115",4,10,0.4,1,22
"2020Bas115_1a_eawo06","2020Bas115_1a","2020Bas115",0,10,0,0,19
"2020Bas115_1a_eckr06","2020Bas115_1a","2020Bas115",5,10,0.5,1,27
"2020Bas115_1a_eeho29","2020Bas115_1a","2020Bas115",5,10,0.5,0,24
"2020Bas115_1a_eewa31","2020Bas115_1a","2020Bas115",5,10,0.5,0,30
"2020Bas115_1a_egno19","2020Bas115_1a","2020Bas115",4,10,0.4,1,23
"2020Bas115_1a_eivi27","2020Bas115_1a","2020Bas115",5,10,0.5,1,19
"2020Bas115_1a_ejvo27","2020Bas115_1a","2020Bas115",5,10,0.5,1,30
"2020Bas115_1a_ekfo24","2020Bas115_1a","2020Bas115",4,10,0.4,1,25
"2020Bas115_1a_ekma18","2020Bas115_1a","2020Bas115",5,10,0.5,1,22
"2020Bas115_1a_emgu18","2020Bas115_1a","2020Bas115",0,10,0,1,28
"2020Bas115_1a_enio31","2020Bas115_1a","2020Bas115",5,10,0.5,1,24
"2020Bas115_1a_enst06","2020Bas115_1a","2020Bas115",5,10,0.5,1,24
"2020Bas115_1a_epso27","2020Bas115_1a","2020Bas115",3,10,0.3,0,28
"2020Bas115_1a_eqke26","2020Bas115_1a","2020Bas115",4,10,0.4,1,19
"2020Bas115_1a_ermo30","2020Bas115_1a","2020Bas115",4,10,0.4,0,36
"2020Bas115_1a_esaa28","2020Bas115_1a","2020Bas115",5,10,0.5,0,29
"2020Bas115_1a_hamo15","2020Bas115_1a","2020Bas115",5,10,0.5,1,22
"2020Bas115_1a_hdbu25","2020Bas115_1a","2020Bas115",0,10,0,0,23
"2020Bas115_1a_hdgs17","2020Bas115_1a","2020Bas115",5,10,0.5,0,50
"2020Bas115_1a_herr04","2020Bas115_1a","2020Bas115",5,10,0.5,1,24
"2020Bas115_1a_hewr16","2020Bas115_1a","2020Bas115",5,10,0.5,0,33
"2020Bas115_1a_hgjh12","2020Bas115_1a","2020Bas115",5,10,0.5,0,29
"2020Bas115_1a_hhvo24","2020Bas115_1a","2020Bas115",5,10,0.5,0,26
"2020Bas115_1a_hiro05","2020Bas115_1a","2020Bas115",5,10,0.5,1,20
"2020Bas115_1a_hkmo04","2020Bas115_1a","2020Bas115",5,10,0.5,1,22
"2020Bas115_1a_hkui11","2020Bas115_1a","2020Bas115",5,10,0.5,0,22
"2020Bas115_1a_hlwu17","2020Bas115_1a","2020Bas115",5,10,0.5,0,24
"2020Bas115_1a_hsms10","2020Bas115_1a","2020Bas115",5,10,0.5,0,23
"2020Bas115_1a_iada30","2020Bas115_1a","2020Bas115",5,10,0.5,0,23
"2020Bas115_1a_iamo07","2020Bas115_1a","2020Bas115",3,10,0.3,1,20
"2020Bas115_1a_iana07","2020Bas115_1a","2020Bas115",5,10,0.5,1,21
"2020Bas115_1a_ibje31","2020Bas115_1a","2020Bas115",5,10,0.5,1,19
"2020Bas115_1a_icml11","2020Bas115_1a","2020Bas115",5,10,0.5,0,31
"2020Bas115_1a_idfa15","2020Bas115_1a","2020Bas115",5,10,0.5,1,23
"2020Bas115_1a_idte12","2020Bas115_1a","2020Bas115",5,10,0.5,1,26
"2020Bas115_1a_iduh08","2020Bas115_1a","2020Bas115",5,10,0.5,0,25
"2020Bas115_1a_ihti25","2020Bas115_1a","2020Bas115",0,10,0,0,24
"2020Bas115_1a_ijpa04","2020Bas115_1a","2020Bas115",4,10,0.4,0,34
"2020Bas115_1a_ikpu19","2020Bas115_1a","2020Bas115",5,10,0.5,1,22
"2020Bas115_1a_iktu28","2020Bas115_1a","2020Bas115",5,10,0.5,1,22
"2020Bas115_1a_ilva15","2020Bas115_1a","2020Bas115",0,10,0,0,24
"2020Bas115_1a_imko08","2020Bas115_1a","2020Bas115",5,10,0.5,1,18
"2020Bas115_1a_immo26","2020Bas115_1a","2020Bas115",5,10,0.5,1,21
"2020Bas115_1a_isma31","2020Bas115_1a","2020Bas115",5,10,0.5,0,22
"2020Bas115_1a_lbni25","2020Bas115_1a","2020Bas115",5,10,0.5,1,26
"2020Bas115_1a_lbpo06","2020Bas115_1a","2020Bas115",4,10,0.4,1,23
"2020Bas115_1a_leao21","2020Bas115_1a","2020Bas115",4,10,0.4,0,33
"2020Bas115_1a_llla15","2020Bas115_1a","2020Bas115",2,10,0.2,1,22
"2020Bas115_1a_lmme07","2020Bas115_1a","2020Bas115",3,10,0.3,1,19
"2020Bas115_1a_lowu09","2020Bas115_1a","2020Bas115",5,10,0.5,1,33
"2020Bas115_1a_lpoe28","2020Bas115_1a","2020Bas115",5,10,0.5,1,20
"2020Bas115_1a_mnso03","2020Bas115_1a","2020Bas115",5,10,0.5,1,30
"2020Bas115_1a_nebv16","2020Bas115_1a","2020Bas115",4,10,0.4,1,64
"2020Bas115_1a_neta02","2020Bas115_1a","2020Bas115",5,10,0.5,1,25
"2020Bas115_1a_nfka07","2020Bas115_1a","2020Bas115",5,10,0.5,1,30
"2020Bas115_1a_ngwi08","2020Bas115_1a","2020Bas115",5,10,0.5,1,28
"2020Bas115_1a_nibu28","2020Bas115_1a","2020Bas115",5,10,0.5,1,50
"2020Bas115_1a_niro12","2020Bas115_1a","2020Bas115",5,10,0.5,1,23
"2020Bas115_1a_nosn13","2020Bas115_1a","2020Bas115",5,10,0.5,1,20
"2020Bas115_1a_nreo23","2020Bas115_1a","2020Bas115",5,10,0.5,1,38
"2020Bas115_1a_ntto18","2020Bas115_1a","2020Bas115",5,10,0.5,1,27
"2020Bas115_1a_oato07","2020Bas115_1a","2020Bas115",0,10,0,0,27
"2020Bas115_1a_oauu02","2020Bas115_1a","2020Bas115",4,10,0.4,1,18
"2020Bas115_1a_oawo04","2020Bas115_1a","2020Bas115",5,10,0.5,1,28
"2020Bas115_1a_oawo25","2020Bas115_1a","2020Bas115",3,10,0.3,0,30
"2020Bas115_1a_omga10","2020Bas115_1a","2020Bas115",3,10,0.3,0,35
"2020Bas115_1a_ommo29","2020Bas115_1a","2020Bas115",5,10,0.5,0,21
"2020Bas115_1a_rbnu11","2020Bas115_1a","2020Bas115",4,10,0.4,1,23
"2020Bas115_1a_rsfr12","2020Bas115_1a","2020Bas115",5,10,0.5,0,24
"2020Bas115_1a_ruao05","2020Bas115_1a","2020Bas115",4,10,0.4,1,38
"2020Bas115_1a_sheo06","2020Bas115_1a","2020Bas115",0,10,0,1,24
"2020Bas115_1a_tvno14","2020Bas115_1a","2020Bas115",5,10,0.5,0,26
"2020Bas115_1a_ubsr28","2020Bas115_1a","2020Bas115",4,10,0.4,1,24
"2020Bas115_1a_ujme09","2020Bas115_1a","2020Bas115",5,10,0.5,1,26
"2020Bas115_1a_umfg04","2020Bas115_1a","2020Bas115",5,10,0.5,1,30
"2020Bas115_1a_umpo31","2020Bas115_1a","2020Bas115",5,10,0.5,0,20
"2020Bas115_1a_unsi02","2020Bas115_1a","2020Bas115",5,10,0.5,0,26
"2020Bas115_1a_urro02","2020Bas115_1a","2020Bas115",4,10,0.4,1,24
"2020Bas115_1a_vbrb20","2020Bas115_1a","2020Bas115",2,10,0.2,1,32
"2020Bas115_1a_vuep24","2020Bas115_1a","2020Bas115",5,10,0.5,1,23
"2020Bas115_1a_ymmo28","2020Bas115_1a","2020Bas115",3,10,0.3,1,36
