"subject_id","scenarios","treatment_id","paper_id","p","choice","endowment","A","gender","age","Design","KW_score"
"2017Del037_1_703",0,"2017Del037_1","2017Del037",778,0,9,1,0,34,"Within",-1
"2017Del037_1_703",1,"2017Del037_1","2017Del037",779,0,9,0,0,34,"Within",-1
"2017Del037_1_703",2,"2017Del037_1","2017Del037",780,0,9,0,0,34,"Within",-1
"2017Del037_1_703",3,"2017Del037_1","2017Del037",781,0,9,0,0,34,"Within",-0.333333333333333
"2017Del037_1_703",4,"2017Del037_1","2017Del037",782,0,9,0,0,34,"Within",0.333333333333333
"2017Del037_1_703",5,"2017Del037_1","2017Del037",783,0,9,0,0,34,"Within",1
"2017Del037_1_703",6,"2017Del037_1","2017Del037",784,0,9,0,0,34,"Within",0.333333333333333
"2017Del037_1_704",0,"2017Del037_1","2017Del037",788,4,10,0,1,34,"Within",-1
"2017Del037_1_704",1,"2017Del037_1","2017Del037",789,4,10,0,1,34,"Within",-1
"2017Del037_1_704",2,"2017Del037_1","2017Del037",790,4,10,0,1,34,"Within",0.333333333333333
"2017Del037_1_704",3,"2017Del037_1","2017Del037",791,4,10,0,1,34,"Within",1
"2017Del037_1_704",4,"2017Del037_1","2017Del037",792,4,10,1,1,34,"Within",0.333333333333333
"2017Del037_1_704",5,"2017Del037_1","2017Del037",793,4,10,0,1,34,"Within",0.333333333333333
"2017Del037_1_704",6,"2017Del037_1","2017Del037",794,4,10,0,1,34,"Within",1
"2017Del037_1_705",0,"2017Del037_1","2017Del037",799,0,9,1,0,30,"Within",-1
"2017Del037_1_705",1,"2017Del037_1","2017Del037",800,0,9,0,0,30,"Within",-1
"2017Del037_1_705",2,"2017Del037_1","2017Del037",801,0,9,0,0,30,"Within",-0.333333333333333
"2017Del037_1_705",3,"2017Del037_1","2017Del037",802,0,9,0,0,30,"Within",0.333333333333333
"2017Del037_1_705",4,"2017Del037_1","2017Del037",803,0,9,0,0,30,"Within",0.333333333333333
"2017Del037_1_705",5,"2017Del037_1","2017Del037",804,0,9,0,0,30,"Within",1
"2017Del037_1_705",6,"2017Del037_1","2017Del037",805,0,9,0,0,30,"Within",0.333333333333333
"2017Del037_1_707",0,"2017Del037_1","2017Del037",809,2,8,0,0,33,"Within",-1
"2017Del037_1_707",1,"2017Del037_1","2017Del037",810,2,8,0,0,33,"Within",-1
"2017Del037_1_707",2,"2017Del037_1","2017Del037",811,2,8,1,0,33,"Within",-0.333333333333333
"2017Del037_1_707",3,"2017Del037_1","2017Del037",812,2,8,0,0,33,"Within",0.333333333333333
"2017Del037_1_707",4,"2017Del037_1","2017Del037",813,2,8,0,0,33,"Within",0.333333333333333
"2017Del037_1_707",5,"2017Del037_1","2017Del037",814,2,8,0,0,33,"Within",1
"2017Del037_1_707",6,"2017Del037_1","2017Del037",815,2,8,0,0,33,"Within",1
"2017Del037_1_708",0,"2017Del037_1","2017Del037",818,3,12,0,1,32,"Within",-1
"2017Del037_1_708",1,"2017Del037_1","2017Del037",819,3,12,0,1,32,"Within",-1
"2017Del037_1_708",2,"2017Del037_1","2017Del037",820,3,12,0,1,32,"Within",-0.333333333333333
"2017Del037_1_708",3,"2017Del037_1","2017Del037",821,3,12,1,1,32,"Within",0.333333333333333
"2017Del037_1_708",4,"2017Del037_1","2017Del037",822,3,12,0,1,32,"Within",0.333333333333333
"2017Del037_1_708",5,"2017Del037_1","2017Del037",823,3,12,0,1,32,"Within",1
"2017Del037_1_708",6,"2017Del037_1","2017Del037",824,3,12,0,1,32,"Within",0.333333333333333
"2017Del037_1_710",0,"2017Del037_1","2017Del037",831,4,8,0,0,28,"Within",-0.333333333333333
"2017Del037_1_710",1,"2017Del037_1","2017Del037",832,4,8,0,0,28,"Within",-0.333333333333333
"2017Del037_1_710",2,"2017Del037_1","2017Del037",833,4,8,0,0,28,"Within",0.333333333333333
"2017Del037_1_710",3,"2017Del037_1","2017Del037",834,4,8,0,0,28,"Within",1
"2017Del037_1_710",4,"2017Del037_1","2017Del037",835,4,8,1,0,28,"Within",0.333333333333333
"2017Del037_1_710",5,"2017Del037_1","2017Del037",836,4,8,0,0,28,"Within",-0.333333333333333
"2017Del037_1_710",6,"2017Del037_1","2017Del037",837,4,8,0,0,28,"Within",-0.333333333333333
"2017Del037_1_712",0,"2017Del037_1","2017Del037",840,6,13,0,0,35,"Within",-1
"2017Del037_1_712",1,"2017Del037_1","2017Del037",841,6,13,0,0,35,"Within",-1
"2017Del037_1_712",2,"2017Del037_1","2017Del037",842,6,13,0,0,35,"Within",-1
"2017Del037_1_712",3,"2017Del037_1","2017Del037",843,6,13,0,0,35,"Within",0.333333333333333
"2017Del037_1_712",4,"2017Del037_1","2017Del037",844,6,13,0,0,35,"Within",0.333333333333333
"2017Del037_1_712",5,"2017Del037_1","2017Del037",845,6,13,0,0,35,"Within",1
"2017Del037_1_712",6,"2017Del037_1","2017Del037",846,6,13,1,0,35,"Within",1
"2017Del037_1_717",0,"2017Del037_1","2017Del037",854,3,11,0,1,34,"Within",-1
"2017Del037_1_717",1,"2017Del037_1","2017Del037",855,3,11,0,1,34,"Within",-0.333333333333333
"2017Del037_1_717",2,"2017Del037_1","2017Del037",856,3,11,0,1,34,"Within",-0.333333333333333
"2017Del037_1_717",3,"2017Del037_1","2017Del037",857,3,11,1,1,34,"Within",0.333333333333333
"2017Del037_1_717",4,"2017Del037_1","2017Del037",858,3,11,0,1,34,"Within",0.333333333333333
"2017Del037_1_717",5,"2017Del037_1","2017Del037",859,3,11,0,1,34,"Within",1
"2017Del037_1_717",6,"2017Del037_1","2017Del037",860,3,11,0,1,34,"Within",-0.333333333333333
"2017Del037_1_718",0,"2017Del037_1","2017Del037",866,1,10,0,0,33,"Within",-1
"2017Del037_1_718",1,"2017Del037_1","2017Del037",867,1,10,1,0,33,"Within",-0.333333333333333
"2017Del037_1_718",2,"2017Del037_1","2017Del037",868,1,10,0,0,33,"Within",0.333333333333333
"2017Del037_1_718",3,"2017Del037_1","2017Del037",869,1,10,0,0,33,"Within",0.333333333333333
"2017Del037_1_718",4,"2017Del037_1","2017Del037",870,1,10,0,0,33,"Within",0.333333333333333
"2017Del037_1_718",5,"2017Del037_1","2017Del037",871,1,10,0,0,33,"Within",0.333333333333333
"2017Del037_1_718",6,"2017Del037_1","2017Del037",872,1,10,0,0,33,"Within",0.333333333333333
"2017Del037_1_802",0,"2017Del037_1","2017Del037",877,5,11,0,1,35,"Within",-1
"2017Del037_1_802",1,"2017Del037_1","2017Del037",878,5,11,0,1,35,"Within",-1
"2017Del037_1_802",2,"2017Del037_1","2017Del037",879,5,11,0,1,35,"Within",-1
"2017Del037_1_802",3,"2017Del037_1","2017Del037",880,5,11,0,1,35,"Within",-0.333333333333333
"2017Del037_1_802",4,"2017Del037_1","2017Del037",881,5,11,0,1,35,"Within",0.333333333333333
"2017Del037_1_802",5,"2017Del037_1","2017Del037",882,5,11,1,1,35,"Within",1
"2017Del037_1_802",6,"2017Del037_1","2017Del037",883,5,11,0,1,35,"Within",1
"2017Del037_1_804",0,"2017Del037_1","2017Del037",889,3,9,0,1,31,"Within",-1
"2017Del037_1_804",1,"2017Del037_1","2017Del037",890,3,9,0,1,31,"Within",-0.333333333333333
"2017Del037_1_804",2,"2017Del037_1","2017Del037",891,3,9,0,1,31,"Within",-0.333333333333333
"2017Del037_1_804",3,"2017Del037_1","2017Del037",892,3,9,1,1,31,"Within",1
"2017Del037_1_804",4,"2017Del037_1","2017Del037",893,3,9,0,1,31,"Within",1
"2017Del037_1_804",5,"2017Del037_1","2017Del037",894,3,9,0,1,31,"Within",0.333333333333333
"2017Del037_1_804",6,"2017Del037_1","2017Del037",895,3,9,0,1,31,"Within",0.333333333333333
"2017Del037_1_805",0,"2017Del037_1","2017Del037",899,0,13,1,1,28,"Within",-1
"2017Del037_1_805",1,"2017Del037_1","2017Del037",900,0,13,0,1,28,"Within",-1
"2017Del037_1_805",2,"2017Del037_1","2017Del037",901,0,13,0,1,28,"Within",-0.333333333333333
"2017Del037_1_805",3,"2017Del037_1","2017Del037",902,0,13,0,1,28,"Within",0.333333333333333
"2017Del037_1_805",4,"2017Del037_1","2017Del037",903,0,13,0,1,28,"Within",0.333333333333333
"2017Del037_1_805",5,"2017Del037_1","2017Del037",904,0,13,0,1,28,"Within",0.333333333333333
"2017Del037_1_805",6,"2017Del037_1","2017Del037",905,0,13,0,1,28,"Within",0.333333333333333
"2017Del037_1_810",0,"2017Del037_1","2017Del037",913,1,10,0,1,35,"Within",-1
"2017Del037_1_810",1,"2017Del037_1","2017Del037",914,1,10,1,1,35,"Within",-0.333333333333333
"2017Del037_1_810",2,"2017Del037_1","2017Del037",915,1,10,0,1,35,"Within",0.333333333333333
"2017Del037_1_810",3,"2017Del037_1","2017Del037",916,1,10,0,1,35,"Within",1
"2017Del037_1_810",4,"2017Del037_1","2017Del037",917,1,10,0,1,35,"Within",0.333333333333333
"2017Del037_1_810",5,"2017Del037_1","2017Del037",918,1,10,0,1,35,"Within",-0.333333333333333
"2017Del037_1_810",6,"2017Del037_1","2017Del037",919,1,10,0,1,35,"Within",-1
"2017Del037_1_813",0,"2017Del037_1","2017Del037",924,0,10,1,0,31,"Within",-1
"2017Del037_1_813",1,"2017Del037_1","2017Del037",925,0,10,0,0,31,"Within",-1
"2017Del037_1_813",2,"2017Del037_1","2017Del037",926,0,10,0,0,31,"Within",-0.333333333333333
"2017Del037_1_813",3,"2017Del037_1","2017Del037",927,0,10,0,0,31,"Within",-0.333333333333333
"2017Del037_1_813",4,"2017Del037_1","2017Del037",928,0,10,0,0,31,"Within",-0.333333333333333
"2017Del037_1_813",5,"2017Del037_1","2017Del037",929,0,10,0,0,31,"Within",1
"2017Del037_1_813",6,"2017Del037_1","2017Del037",930,0,10,0,0,31,"Within",0.333333333333333
"2017Del037_1_814",0,"2017Del037_1","2017Del037",935,0,12,1,1,35,"Within",-1
"2017Del037_1_814",1,"2017Del037_1","2017Del037",936,0,12,0,1,35,"Within",-0.333333333333333
"2017Del037_1_814",2,"2017Del037_1","2017Del037",937,0,12,0,1,35,"Within",-0.333333333333333
"2017Del037_1_814",3,"2017Del037_1","2017Del037",938,0,12,0,1,35,"Within",0.333333333333333
"2017Del037_1_814",4,"2017Del037_1","2017Del037",939,0,12,0,1,35,"Within",1
"2017Del037_1_814",5,"2017Del037_1","2017Del037",940,0,12,0,1,35,"Within",-0.333333333333333
"2017Del037_1_814",6,"2017Del037_1","2017Del037",941,0,12,0,1,35,"Within",-1
"2017Del037_1_815",0,"2017Del037_1","2017Del037",948,5,12,0,1,34,"Within",-1
"2017Del037_1_815",1,"2017Del037_1","2017Del037",949,5,12,0,1,34,"Within",-1
"2017Del037_1_815",2,"2017Del037_1","2017Del037",950,5,12,0,1,34,"Within",-0.333333333333333
"2017Del037_1_815",3,"2017Del037_1","2017Del037",951,5,12,0,1,34,"Within",0.333333333333333
"2017Del037_1_815",4,"2017Del037_1","2017Del037",952,5,12,0,1,34,"Within",0.333333333333333
"2017Del037_1_815",5,"2017Del037_1","2017Del037",953,5,12,1,1,34,"Within",1
"2017Del037_1_815",6,"2017Del037_1","2017Del037",954,5,12,0,1,34,"Within",-0.333333333333333
"2017Del037_1_817",0,"2017Del037_1","2017Del037",961,1,11,0,1,36,"Within",-1
"2017Del037_1_817",1,"2017Del037_1","2017Del037",962,1,11,1,1,36,"Within",-1
"2017Del037_1_817",2,"2017Del037_1","2017Del037",963,1,11,0,1,36,"Within",-1
"2017Del037_1_817",3,"2017Del037_1","2017Del037",964,1,11,0,1,36,"Within",-0.333333333333333
"2017Del037_1_817",4,"2017Del037_1","2017Del037",965,1,11,0,1,36,"Within",-0.333333333333333
"2017Del037_1_817",5,"2017Del037_1","2017Del037",966,1,11,0,1,36,"Within",1
"2017Del037_1_817",6,"2017Del037_1","2017Del037",967,1,11,0,1,36,"Within",-0.333333333333333
"2017Del037_1_819",0,"2017Del037_1","2017Del037",973,1,11,0,0,31,"Within",-1
"2017Del037_1_819",1,"2017Del037_1","2017Del037",974,1,11,1,0,31,"Within",-0.333333333333333
"2017Del037_1_819",2,"2017Del037_1","2017Del037",975,1,11,0,0,31,"Within",-0.333333333333333
"2017Del037_1_819",3,"2017Del037_1","2017Del037",976,1,11,0,0,31,"Within",0.333333333333333
"2017Del037_1_819",4,"2017Del037_1","2017Del037",977,1,11,0,0,31,"Within",0.333333333333333
"2017Del037_1_819",5,"2017Del037_1","2017Del037",978,1,11,0,0,31,"Within",1
"2017Del037_1_819",6,"2017Del037_1","2017Del037",979,1,11,0,0,31,"Within",1
"2017Del037_1_820",0,"2017Del037_1","2017Del037",985,1,6,0,0,34,"Within",-0.333333333333333
"2017Del037_1_820",1,"2017Del037_1","2017Del037",986,1,6,1,0,34,"Within",-0.333333333333333
"2017Del037_1_820",2,"2017Del037_1","2017Del037",987,1,6,0,0,34,"Within",0.333333333333333
"2017Del037_1_820",3,"2017Del037_1","2017Del037",988,1,6,0,0,34,"Within",0.333333333333333
"2017Del037_1_820",4,"2017Del037_1","2017Del037",989,1,6,0,0,34,"Within",0.333333333333333
"2017Del037_1_820",5,"2017Del037_1","2017Del037",990,1,6,0,0,34,"Within",0.333333333333333
"2017Del037_1_820",6,"2017Del037_1","2017Del037",991,1,6,0,0,34,"Within",-0.333333333333333
"2017Del037_1_901",0,"2017Del037_1","2017Del037",992,5,15,0,1,32,"Within",-1
"2017Del037_1_901",1,"2017Del037_1","2017Del037",993,5,15,0,1,32,"Within",-1
"2017Del037_1_901",2,"2017Del037_1","2017Del037",994,5,15,0,1,32,"Within",-0.333333333333333
"2017Del037_1_901",3,"2017Del037_1","2017Del037",995,5,15,0,1,32,"Within",0.333333333333333
"2017Del037_1_901",4,"2017Del037_1","2017Del037",996,5,15,0,1,32,"Within",0.333333333333333
"2017Del037_1_901",5,"2017Del037_1","2017Del037",997,5,15,1,1,32,"Within",0.333333333333333
"2017Del037_1_901",6,"2017Del037_1","2017Del037",998,5,15,0,1,32,"Within",-1
"2017Del037_1_903",0,"2017Del037_1","2017Del037",1008,6,12,0,1,34,"Within",-1
"2017Del037_1_903",1,"2017Del037_1","2017Del037",1009,6,12,0,1,34,"Within",-1
"2017Del037_1_903",2,"2017Del037_1","2017Del037",1010,6,12,0,1,34,"Within",-1
"2017Del037_1_903",3,"2017Del037_1","2017Del037",1011,6,12,0,1,34,"Within",0.333333333333333
"2017Del037_1_903",4,"2017Del037_1","2017Del037",1012,6,12,0,1,34,"Within",0.333333333333333
"2017Del037_1_903",5,"2017Del037_1","2017Del037",1013,6,12,0,1,34,"Within",1
"2017Del037_1_903",6,"2017Del037_1","2017Del037",1014,6,12,1,1,34,"Within",-1
"2017Del037_1_906",0,"2017Del037_1","2017Del037",1021,2,8,0,0,33,"Within",-1
"2017Del037_1_906",1,"2017Del037_1","2017Del037",1022,2,8,0,0,33,"Within",-1
"2017Del037_1_906",2,"2017Del037_1","2017Del037",1023,2,8,1,0,33,"Within",0.333333333333333
"2017Del037_1_906",3,"2017Del037_1","2017Del037",1024,2,8,0,0,33,"Within",1
"2017Del037_1_906",4,"2017Del037_1","2017Del037",1025,2,8,0,0,33,"Within",0.333333333333333
"2017Del037_1_906",5,"2017Del037_1","2017Del037",1026,2,8,0,0,33,"Within",-1
"2017Del037_1_906",6,"2017Del037_1","2017Del037",1027,2,8,0,0,33,"Within",-1
"2017Del037_1_908",0,"2017Del037_1","2017Del037",1030,0,12,1,1,35,"Within",1
"2017Del037_1_908",1,"2017Del037_1","2017Del037",1031,0,12,0,1,35,"Within",0.333333333333333
"2017Del037_1_908",2,"2017Del037_1","2017Del037",1032,0,12,0,1,35,"Within",0.333333333333333
"2017Del037_1_908",3,"2017Del037_1","2017Del037",1033,0,12,0,1,35,"Within",-1
"2017Del037_1_908",4,"2017Del037_1","2017Del037",1034,0,12,0,1,35,"Within",-1
"2017Del037_1_908",5,"2017Del037_1","2017Del037",1035,0,12,0,1,35,"Within",-1
"2017Del037_1_908",6,"2017Del037_1","2017Del037",1036,0,12,0,1,35,"Within",-1
"2017Del037_1_909",0,"2017Del037_1","2017Del037",1043,2,5,0,0,24,"Within",-1
"2017Del037_1_909",1,"2017Del037_1","2017Del037",1044,2,5,0,0,24,"Within",-1
"2017Del037_1_909",2,"2017Del037_1","2017Del037",1045,2,5,1,0,24,"Within",-0.333333333333333
"2017Del037_1_909",3,"2017Del037_1","2017Del037",1046,2,5,0,0,24,"Within",0.333333333333333
"2017Del037_1_909",4,"2017Del037_1","2017Del037",1047,2,5,0,0,24,"Within",0.333333333333333
"2017Del037_1_909",5,"2017Del037_1","2017Del037",1048,2,5,0,0,24,"Within",-1
"2017Del037_1_910",0,"2017Del037_1","2017Del037",1049,4,11,0,1,31,"Within",-1
"2017Del037_1_910",1,"2017Del037_1","2017Del037",1050,4,11,0,1,31,"Within",-0.333333333333333
"2017Del037_1_910",2,"2017Del037_1","2017Del037",1051,4,11,0,1,31,"Within",0.333333333333333
"2017Del037_1_910",3,"2017Del037_1","2017Del037",1052,4,11,0,1,31,"Within",1
"2017Del037_1_910",4,"2017Del037_1","2017Del037",1053,4,11,1,1,31,"Within",0.333333333333333
"2017Del037_1_910",5,"2017Del037_1","2017Del037",1054,4,11,0,1,31,"Within",-0.333333333333333
"2017Del037_1_910",6,"2017Del037_1","2017Del037",1055,4,11,0,1,31,"Within",-1
"2017Del037_1_911",0,"2017Del037_1","2017Del037",1061,3,12,0,1,36,"Within",-1
"2017Del037_1_911",1,"2017Del037_1","2017Del037",1062,3,12,0,1,36,"Within",-1
"2017Del037_1_911",2,"2017Del037_1","2017Del037",1063,3,12,0,1,36,"Within",-0.333333333333333
"2017Del037_1_911",3,"2017Del037_1","2017Del037",1064,3,12,1,1,36,"Within",0.333333333333333
"2017Del037_1_911",4,"2017Del037_1","2017Del037",1065,3,12,0,1,36,"Within",0.333333333333333
"2017Del037_1_911",5,"2017Del037_1","2017Del037",1066,3,12,0,1,36,"Within",0.333333333333333
"2017Del037_1_911",6,"2017Del037_1","2017Del037",1067,3,12,0,1,36,"Within",1
"2017Del037_1_916",0,"2017Del037_1","2017Del037",1074,6,12,0,0,34,"Within",-1
"2017Del037_1_916",1,"2017Del037_1","2017Del037",1075,6,12,0,0,34,"Within",-0.333333333333333
"2017Del037_1_916",2,"2017Del037_1","2017Del037",1076,6,12,0,0,34,"Within",0.333333333333333
"2017Del037_1_916",3,"2017Del037_1","2017Del037",1077,6,12,0,0,34,"Within",0.333333333333333
"2017Del037_1_916",4,"2017Del037_1","2017Del037",1078,6,12,0,0,34,"Within",0.333333333333333
"2017Del037_1_916",5,"2017Del037_1","2017Del037",1079,6,12,0,0,34,"Within",-0.333333333333333
"2017Del037_1_916",6,"2017Del037_1","2017Del037",1080,6,12,1,0,34,"Within",-1
"2017Del037_1_917",0,"2017Del037_1","2017Del037",1087,3,9,0,0,35,"Within",-1
"2017Del037_1_917",1,"2017Del037_1","2017Del037",1088,3,9,0,0,35,"Within",-0.333333333333333
"2017Del037_1_917",2,"2017Del037_1","2017Del037",1089,3,9,0,0,35,"Within",1
"2017Del037_1_917",3,"2017Del037_1","2017Del037",1090,3,9,1,0,35,"Within",-0.333333333333333
"2017Del037_1_917",4,"2017Del037_1","2017Del037",1091,3,9,0,0,35,"Within",0.333333333333333
"2017Del037_1_917",5,"2017Del037_1","2017Del037",1092,3,9,0,0,35,"Within",-0.333333333333333
"2017Del037_1_917",6,"2017Del037_1","2017Del037",1093,3,9,0,0,35,"Within",-1
"2017Del037_1_918",0,"2017Del037_1","2017Del037",1097,1,10,0,1,32,"Within",-1
"2017Del037_1_918",1,"2017Del037_1","2017Del037",1098,1,10,1,1,32,"Within",-1
"2017Del037_1_918",2,"2017Del037_1","2017Del037",1099,1,10,0,1,32,"Within",-0.333333333333333
"2017Del037_1_918",3,"2017Del037_1","2017Del037",1100,1,10,0,1,32,"Within",0.333333333333333
"2017Del037_1_918",4,"2017Del037_1","2017Del037",1101,1,10,0,1,32,"Within",1
"2017Del037_1_918",5,"2017Del037_1","2017Del037",1102,1,10,0,1,32,"Within",1
"2017Del037_1_918",6,"2017Del037_1","2017Del037",1103,1,10,0,1,32,"Within",0.333333333333333
"2017Del037_2_102",0,"2017Del037_2","2017Del037",386,0,11,1,1,34,"Within",-1
"2017Del037_2_102",1,"2017Del037_2","2017Del037",387,0,11,0,1,34,"Within",-1
"2017Del037_2_102",2,"2017Del037_2","2017Del037",388,0,11,0,1,34,"Within",-1
"2017Del037_2_102",3,"2017Del037_2","2017Del037",389,0,11,0,1,34,"Within",-0.333333333333333
"2017Del037_2_102",4,"2017Del037_2","2017Del037",390,0,11,0,1,34,"Within",0.333333333333333
"2017Del037_2_102",5,"2017Del037_2","2017Del037",391,0,11,0,1,34,"Within",1
"2017Del037_2_102",6,"2017Del037_2","2017Del037",392,0,11,0,1,34,"Within",0.333333333333333
"2017Del037_2_103",0,"2017Del037_2","2017Del037",398,5,15,0,1,36,"Within",-1
"2017Del037_2_103",1,"2017Del037_2","2017Del037",399,5,15,0,1,36,"Within",-0.333333333333333
"2017Del037_2_103",2,"2017Del037_2","2017Del037",400,5,15,0,1,36,"Within",-0.333333333333333
"2017Del037_2_103",3,"2017Del037_2","2017Del037",401,5,15,0,1,36,"Within",0.333333333333333
"2017Del037_2_103",4,"2017Del037_2","2017Del037",402,5,15,0,1,36,"Within",0.333333333333333
"2017Del037_2_103",5,"2017Del037_2","2017Del037",403,5,15,1,1,36,"Within",1
"2017Del037_2_103",6,"2017Del037_2","2017Del037",404,5,15,0,1,36,"Within",1
"2017Del037_2_104",0,"2017Del037_2","2017Del037",414,7,13,0,1,31,"Within",-1
"2017Del037_2_104",1,"2017Del037_2","2017Del037",415,7,13,0,1,31,"Within",-1
"2017Del037_2_104",2,"2017Del037_2","2017Del037",416,7,13,0,1,31,"Within",-0.333333333333333
"2017Del037_2_104",3,"2017Del037_2","2017Del037",417,7,13,0,1,31,"Within",0.333333333333333
"2017Del037_2_104",4,"2017Del037_2","2017Del037",418,7,13,0,1,31,"Within",0.333333333333333
"2017Del037_2_104",5,"2017Del037_2","2017Del037",419,7,13,0,1,31,"Within",1
"2017Del037_2_104",6,"2017Del037_2","2017Del037",420,7,13,0,1,31,"Within",0.333333333333333
"2017Del037_2_105",0,"2017Del037_2","2017Del037",428,4,11,0,0,34,"Within",-1
"2017Del037_2_105",1,"2017Del037_2","2017Del037",429,4,11,0,0,34,"Within",-0.333333333333333
"2017Del037_2_105",2,"2017Del037_2","2017Del037",430,4,11,0,0,34,"Within",-0.333333333333333
"2017Del037_2_105",3,"2017Del037_2","2017Del037",431,4,11,0,0,34,"Within",0.333333333333333
"2017Del037_2_105",4,"2017Del037_2","2017Del037",432,4,11,1,0,34,"Within",0.333333333333333
"2017Del037_2_105",5,"2017Del037_2","2017Del037",433,4,11,0,0,34,"Within",1
"2017Del037_2_105",6,"2017Del037_2","2017Del037",434,4,11,0,0,34,"Within",-0.333333333333333
"2017Del037_2_109",0,"2017Del037_2","2017Del037",440,5,10,0,0,32,"Within",-1
"2017Del037_2_109",1,"2017Del037_2","2017Del037",441,5,10,0,0,32,"Within",-1
"2017Del037_2_109",2,"2017Del037_2","2017Del037",442,5,10,0,0,32,"Within",-0.333333333333333
"2017Del037_2_109",3,"2017Del037_2","2017Del037",443,5,10,0,0,32,"Within",0.333333333333333
"2017Del037_2_109",4,"2017Del037_2","2017Del037",444,5,10,0,0,32,"Within",0.333333333333333
"2017Del037_2_109",5,"2017Del037_2","2017Del037",445,5,10,1,0,32,"Within",1
"2017Del037_2_109",6,"2017Del037_2","2017Del037",446,5,10,0,0,32,"Within",-1
"2017Del037_2_110",0,"2017Del037_2","2017Del037",451,0,14,1,0,30,"Within",-1
"2017Del037_2_110",1,"2017Del037_2","2017Del037",452,0,14,0,0,30,"Within",-0.333333333333333
"2017Del037_2_110",2,"2017Del037_2","2017Del037",453,0,14,0,0,30,"Within",-0.333333333333333
"2017Del037_2_110",3,"2017Del037_2","2017Del037",454,0,14,0,0,30,"Within",0.333333333333333
"2017Del037_2_110",4,"2017Del037_2","2017Del037",455,0,14,0,0,30,"Within",0.333333333333333
"2017Del037_2_110",5,"2017Del037_2","2017Del037",456,0,14,0,0,30,"Within",1
"2017Del037_2_110",6,"2017Del037_2","2017Del037",457,0,14,0,0,30,"Within",0.333333333333333
"2017Del037_2_112",0,"2017Del037_2","2017Del037",466,3,11,0,1,33,"Within",-1
"2017Del037_2_112",1,"2017Del037_2","2017Del037",467,3,11,0,1,33,"Within",-1
"2017Del037_2_112",2,"2017Del037_2","2017Del037",468,3,11,0,1,33,"Within",-0.333333333333333
"2017Del037_2_112",3,"2017Del037_2","2017Del037",469,3,11,1,1,33,"Within",1
"2017Del037_2_112",4,"2017Del037_2","2017Del037",470,3,11,0,1,33,"Within",1
"2017Del037_2_112",5,"2017Del037_2","2017Del037",471,3,11,0,1,33,"Within",0.333333333333333
"2017Del037_2_112",6,"2017Del037_2","2017Del037",472,3,11,0,1,33,"Within",-0.333333333333333
"2017Del037_2_117",0,"2017Del037_2","2017Del037",478,5,11,0,1,32,"Within",-1
"2017Del037_2_117",1,"2017Del037_2","2017Del037",479,5,11,0,1,32,"Within",-1
"2017Del037_2_117",2,"2017Del037_2","2017Del037",480,5,11,0,1,32,"Within",-0.333333333333333
"2017Del037_2_117",3,"2017Del037_2","2017Del037",481,5,11,0,1,32,"Within",0.333333333333333
"2017Del037_2_117",4,"2017Del037_2","2017Del037",482,5,11,0,1,32,"Within",0.333333333333333
"2017Del037_2_117",5,"2017Del037_2","2017Del037",483,5,11,1,1,32,"Within",1
"2017Del037_2_117",6,"2017Del037_2","2017Del037",484,5,11,0,1,32,"Within",-0.333333333333333
"2017Del037_2_118",0,"2017Del037_2","2017Del037",490,4,12,0,1,34,"Within",-1
"2017Del037_2_118",1,"2017Del037_2","2017Del037",491,4,12,0,1,34,"Within",-1
"2017Del037_2_118",2,"2017Del037_2","2017Del037",492,4,12,0,1,34,"Within",-0.333333333333333
"2017Del037_2_118",3,"2017Del037_2","2017Del037",493,4,12,0,1,34,"Within",0.333333333333333
"2017Del037_2_118",4,"2017Del037_2","2017Del037",494,4,12,1,1,34,"Within",0.333333333333333
"2017Del037_2_118",5,"2017Del037_2","2017Del037",495,4,12,0,1,34,"Within",-0.333333333333333
"2017Del037_2_118",6,"2017Del037_2","2017Del037",496,4,12,0,1,34,"Within",-1
"2017Del037_2_120",0,"2017Del037_2","2017Del037",503,0,13,1,1,28,"Within",-1
"2017Del037_2_120",1,"2017Del037_2","2017Del037",504,0,13,0,1,28,"Within",-0.333333333333333
"2017Del037_2_120",2,"2017Del037_2","2017Del037",505,0,13,0,1,28,"Within",-0.333333333333333
"2017Del037_2_120",3,"2017Del037_2","2017Del037",506,0,13,0,1,28,"Within",0.333333333333333
"2017Del037_2_120",4,"2017Del037_2","2017Del037",507,0,13,0,1,28,"Within",0.333333333333333
"2017Del037_2_120",5,"2017Del037_2","2017Del037",508,0,13,0,1,28,"Within",1
"2017Del037_2_120",6,"2017Del037_2","2017Del037",509,0,13,0,1,28,"Within",0.333333333333333
"2017Del037_2_401",0,"2017Del037_2","2017Del037",517,3,7,0,1,35,"Within",-1
"2017Del037_2_401",1,"2017Del037_2","2017Del037",518,3,7,0,1,35,"Within",-0.333333333333333
"2017Del037_2_401",2,"2017Del037_2","2017Del037",519,3,7,0,1,35,"Within",0.333333333333333
"2017Del037_2_401",3,"2017Del037_2","2017Del037",520,3,7,1,1,35,"Within",1
"2017Del037_2_401",4,"2017Del037_2","2017Del037",521,3,7,0,1,35,"Within",0.333333333333333
"2017Del037_2_401",5,"2017Del037_2","2017Del037",522,3,7,0,1,35,"Within",0.333333333333333
"2017Del037_2_401",6,"2017Del037_2","2017Del037",523,3,7,0,1,35,"Within",-0.333333333333333
"2017Del037_2_406",0,"2017Del037_2","2017Del037",525,1,10,0,0,34,"Within",-1
"2017Del037_2_406",1,"2017Del037_2","2017Del037",526,1,10,1,0,34,"Within",-1
"2017Del037_2_406",2,"2017Del037_2","2017Del037",527,1,10,0,0,34,"Within",-0.333333333333333
"2017Del037_2_406",3,"2017Del037_2","2017Del037",528,1,10,0,0,34,"Within",-0.333333333333333
"2017Del037_2_406",4,"2017Del037_2","2017Del037",529,1,10,0,0,34,"Within",0.333333333333333
"2017Del037_2_406",5,"2017Del037_2","2017Del037",530,1,10,0,0,34,"Within",1
"2017Del037_2_406",6,"2017Del037_2","2017Del037",531,1,10,0,0,34,"Within",0.333333333333333
"2017Del037_2_407",0,"2017Del037_2","2017Del037",536,1,10,0,1,35,"Within",-1
"2017Del037_2_407",1,"2017Del037_2","2017Del037",537,1,10,1,1,35,"Within",-0.333333333333333
"2017Del037_2_407",2,"2017Del037_2","2017Del037",538,1,10,0,1,35,"Within",-0.333333333333333
"2017Del037_2_407",3,"2017Del037_2","2017Del037",539,1,10,0,1,35,"Within",0.333333333333333
"2017Del037_2_407",4,"2017Del037_2","2017Del037",540,1,10,0,1,35,"Within",0.333333333333333
"2017Del037_2_407",5,"2017Del037_2","2017Del037",541,1,10,0,1,35,"Within",1
"2017Del037_2_407",6,"2017Del037_2","2017Del037",542,1,10,0,1,35,"Within",-1
"2017Del037_2_412",0,"2017Del037_2","2017Del037",547,0,10,1,1,32,"Within",1
"2017Del037_2_412",1,"2017Del037_2","2017Del037",548,0,10,0,1,32,"Within",1
"2017Del037_2_412",2,"2017Del037_2","2017Del037",549,0,10,0,1,32,"Within",0.333333333333333
"2017Del037_2_412",3,"2017Del037_2","2017Del037",550,0,10,0,1,32,"Within",0.333333333333333
"2017Del037_2_412",4,"2017Del037_2","2017Del037",551,0,10,0,1,32,"Within",-0.333333333333333
"2017Del037_2_412",5,"2017Del037_2","2017Del037",552,0,10,0,1,32,"Within",-0.333333333333333
"2017Del037_2_412",6,"2017Del037_2","2017Del037",553,0,10,0,1,32,"Within",-1
"2017Del037_2_413",0,"2017Del037_2","2017Del037",558,0,11,1,1,35,"Within",-1
"2017Del037_2_413",1,"2017Del037_2","2017Del037",559,0,11,0,1,35,"Within",-1
"2017Del037_2_413",2,"2017Del037_2","2017Del037",560,0,11,0,1,35,"Within",-0.333333333333333
"2017Del037_2_413",3,"2017Del037_2","2017Del037",561,0,11,0,1,35,"Within",-0.333333333333333
"2017Del037_2_413",4,"2017Del037_2","2017Del037",562,0,11,0,1,35,"Within",0.333333333333333
"2017Del037_2_413",5,"2017Del037_2","2017Del037",563,0,11,0,1,35,"Within",1
"2017Del037_2_413",6,"2017Del037_2","2017Del037",564,0,11,0,1,35,"Within",0.333333333333333
"2017Del037_2_414",0,"2017Del037_2","2017Del037",570,5,11,0,1,36,"Within",-1
"2017Del037_2_414",1,"2017Del037_2","2017Del037",571,5,11,0,1,36,"Within",-1
"2017Del037_2_414",2,"2017Del037_2","2017Del037",572,5,11,0,1,36,"Within",-0.333333333333333
"2017Del037_2_414",3,"2017Del037_2","2017Del037",573,5,11,0,1,36,"Within",-0.333333333333333
"2017Del037_2_414",4,"2017Del037_2","2017Del037",574,5,11,0,1,36,"Within",0.333333333333333
"2017Del037_2_414",5,"2017Del037_2","2017Del037",575,5,11,1,1,36,"Within",0.333333333333333
"2017Del037_2_414",6,"2017Del037_2","2017Del037",576,5,11,0,1,36,"Within",-1
"2017Del037_2_415",0,"2017Del037_2","2017Del037",582,0,11,1,1,35,"Within",-1
"2017Del037_2_415",1,"2017Del037_2","2017Del037",583,0,11,0,1,35,"Within",-1
"2017Del037_2_415",2,"2017Del037_2","2017Del037",584,0,11,0,1,35,"Within",-1
"2017Del037_2_415",3,"2017Del037_2","2017Del037",585,0,11,0,1,35,"Within",-1
"2017Del037_2_415",4,"2017Del037_2","2017Del037",586,0,11,0,1,35,"Within",-1
"2017Del037_2_415",5,"2017Del037_2","2017Del037",587,0,11,0,1,35,"Within",1
"2017Del037_2_415",6,"2017Del037_2","2017Del037",588,0,11,0,1,35,"Within",0.333333333333333
"2017Del037_2_416",0,"2017Del037_2","2017Del037",594,0,10,1,1,34,"Within",-1
"2017Del037_2_416",1,"2017Del037_2","2017Del037",595,0,10,0,1,34,"Within",-1
"2017Del037_2_416",2,"2017Del037_2","2017Del037",596,0,10,0,1,34,"Within",-0.333333333333333
"2017Del037_2_416",3,"2017Del037_2","2017Del037",597,0,10,0,1,34,"Within",0.333333333333333
"2017Del037_2_416",4,"2017Del037_2","2017Del037",598,0,10,0,1,34,"Within",1
"2017Del037_2_416",5,"2017Del037_2","2017Del037",599,0,10,0,1,34,"Within",0.333333333333333
"2017Del037_2_416",6,"2017Del037_2","2017Del037",600,0,10,0,1,34,"Within",-0.333333333333333
"2017Del037_2_417",0,"2017Del037_2","2017Del037",605,4,12,0,0,34,"Within",-1
"2017Del037_2_417",1,"2017Del037_2","2017Del037",606,4,12,0,0,34,"Within",0.333333333333333
"2017Del037_2_417",2,"2017Del037_2","2017Del037",607,4,12,0,0,34,"Within",0.333333333333333
"2017Del037_2_417",3,"2017Del037_2","2017Del037",608,4,12,0,0,34,"Within",1
"2017Del037_2_417",4,"2017Del037_2","2017Del037",609,4,12,1,0,34,"Within",0.333333333333333
"2017Del037_2_417",5,"2017Del037_2","2017Del037",610,4,12,0,0,34,"Within",0.333333333333333
"2017Del037_2_417",6,"2017Del037_2","2017Del037",611,4,12,0,0,34,"Within",-1
"2017Del037_2_420",0,"2017Del037_2","2017Del037",618,3,11,0,0,30,"Within",-1
"2017Del037_2_420",1,"2017Del037_2","2017Del037",619,3,11,0,0,30,"Within",-1
"2017Del037_2_420",2,"2017Del037_2","2017Del037",620,3,11,0,0,30,"Within",-0.333333333333333
"2017Del037_2_420",3,"2017Del037_2","2017Del037",621,3,11,1,0,30,"Within",-0.333333333333333
"2017Del037_2_420",4,"2017Del037_2","2017Del037",622,3,11,0,0,30,"Within",0.333333333333333
"2017Del037_2_420",5,"2017Del037_2","2017Del037",623,3,11,0,0,30,"Within",1
"2017Del037_2_420",6,"2017Del037_2","2017Del037",624,3,11,0,0,30,"Within",-1
"2017Del037_2_602",0,"2017Del037_2","2017Del037",630,3,13,0,0,35,"Within",-1
"2017Del037_2_602",1,"2017Del037_2","2017Del037",631,3,13,0,0,35,"Within",-0.333333333333333
"2017Del037_2_602",2,"2017Del037_2","2017Del037",632,3,13,0,0,35,"Within",0.333333333333333
"2017Del037_2_602",3,"2017Del037_2","2017Del037",633,3,13,1,0,35,"Within",1
"2017Del037_2_602",4,"2017Del037_2","2017Del037",634,3,13,0,0,35,"Within",1
"2017Del037_2_602",5,"2017Del037_2","2017Del037",635,3,13,0,0,35,"Within",1
"2017Del037_2_602",6,"2017Del037_2","2017Del037",636,3,13,0,0,35,"Within",1
"2017Del037_2_603",0,"2017Del037_2","2017Del037",644,2,9,0,0,35,"Within",-1
"2017Del037_2_603",1,"2017Del037_2","2017Del037",645,2,9,0,0,35,"Within",-1
"2017Del037_2_603",2,"2017Del037_2","2017Del037",646,2,9,1,0,35,"Within",-0.333333333333333
"2017Del037_2_603",3,"2017Del037_2","2017Del037",647,2,9,0,0,35,"Within",0.333333333333333
"2017Del037_2_603",4,"2017Del037_2","2017Del037",648,2,9,0,0,35,"Within",0.333333333333333
"2017Del037_2_603",5,"2017Del037_2","2017Del037",649,2,9,0,0,35,"Within",1
"2017Del037_2_603",6,"2017Del037_2","2017Del037",650,2,9,0,0,35,"Within",-1
"2017Del037_2_606",0,"2017Del037_2","2017Del037",654,0,15,1,1,35,"Within",-0.333333333333333
"2017Del037_2_606",1,"2017Del037_2","2017Del037",655,0,15,0,1,35,"Within",-0.333333333333333
"2017Del037_2_606",2,"2017Del037_2","2017Del037",656,0,15,0,1,35,"Within",-0.333333333333333
"2017Del037_2_606",3,"2017Del037_2","2017Del037",657,0,15,0,1,35,"Within",0.333333333333333
"2017Del037_2_606",4,"2017Del037_2","2017Del037",658,0,15,0,1,35,"Within",0.333333333333333
"2017Del037_2_606",5,"2017Del037_2","2017Del037",659,0,15,0,1,35,"Within",-0.333333333333333
"2017Del037_2_606",6,"2017Del037_2","2017Del037",660,0,15,0,1,35,"Within",-0.333333333333333
"2017Del037_2_607",0,"2017Del037_2","2017Del037",670,5,11,0,1,31,"Within",-1
"2017Del037_2_607",1,"2017Del037_2","2017Del037",671,5,11,0,1,31,"Within",-1
"2017Del037_2_607",2,"2017Del037_2","2017Del037",672,5,11,0,1,31,"Within",-0.333333333333333
"2017Del037_2_607",3,"2017Del037_2","2017Del037",673,5,11,0,1,31,"Within",-0.333333333333333
"2017Del037_2_607",4,"2017Del037_2","2017Del037",674,5,11,0,1,31,"Within",0.333333333333333
"2017Del037_2_607",5,"2017Del037_2","2017Del037",675,5,11,1,1,31,"Within",1
"2017Del037_2_607",6,"2017Del037_2","2017Del037",676,5,11,0,1,31,"Within",1
"2017Del037_2_608",0,"2017Del037_2","2017Del037",682,2,10,0,0,36,"Within",1
"2017Del037_2_608",1,"2017Del037_2","2017Del037",683,2,10,0,0,36,"Within",1
"2017Del037_2_608",2,"2017Del037_2","2017Del037",684,2,10,1,0,36,"Within",1
"2017Del037_2_608",3,"2017Del037_2","2017Del037",685,2,10,0,0,36,"Within",0.333333333333333
"2017Del037_2_608",4,"2017Del037_2","2017Del037",686,2,10,0,0,36,"Within",-0.333333333333333
"2017Del037_2_608",5,"2017Del037_2","2017Del037",687,2,10,0,0,36,"Within",-0.333333333333333
"2017Del037_2_608",6,"2017Del037_2","2017Del037",688,2,10,0,0,36,"Within",-1
"2017Del037_2_611",0,"2017Del037_2","2017Del037",693,4,12,0,1,35,"Within",-1
"2017Del037_2_611",1,"2017Del037_2","2017Del037",694,4,12,0,1,35,"Within",-1
"2017Del037_2_611",2,"2017Del037_2","2017Del037",695,4,12,0,1,35,"Within",-1
"2017Del037_2_611",3,"2017Del037_2","2017Del037",696,4,12,0,1,35,"Within",-0.333333333333333
"2017Del037_2_611",4,"2017Del037_2","2017Del037",697,4,12,1,1,35,"Within",-0.333333333333333
"2017Del037_2_611",5,"2017Del037_2","2017Del037",698,4,12,0,1,35,"Within",1
"2017Del037_2_611",6,"2017Del037_2","2017Del037",699,4,12,0,1,35,"Within",-0.333333333333333
"2017Del037_2_613",0,"2017Del037_2","2017Del037",706,3,11,0,1,36,"Within",-1
"2017Del037_2_613",1,"2017Del037_2","2017Del037",707,3,11,0,1,36,"Within",-0.333333333333333
"2017Del037_2_613",2,"2017Del037_2","2017Del037",708,3,11,0,1,36,"Within",-0.333333333333333
"2017Del037_2_613",3,"2017Del037_2","2017Del037",709,3,11,1,1,36,"Within",0.333333333333333
"2017Del037_2_613",4,"2017Del037_2","2017Del037",710,3,11,0,1,36,"Within",0.333333333333333
"2017Del037_2_613",5,"2017Del037_2","2017Del037",711,3,11,0,1,36,"Within",1
"2017Del037_2_613",6,"2017Del037_2","2017Del037",712,3,11,0,1,36,"Within",1
"2017Del037_2_615",0,"2017Del037_2","2017Del037",718,2,10,0,0,36,"Within",-1
"2017Del037_2_615",1,"2017Del037_2","2017Del037",719,2,10,0,0,36,"Within",-0.333333333333333
"2017Del037_2_615",2,"2017Del037_2","2017Del037",720,2,10,1,0,36,"Within",0.333333333333333
"2017Del037_2_615",3,"2017Del037_2","2017Del037",721,2,10,0,0,36,"Within",0.333333333333333
"2017Del037_2_615",4,"2017Del037_2","2017Del037",722,2,10,0,0,36,"Within",0.333333333333333
"2017Del037_2_615",5,"2017Del037_2","2017Del037",723,2,10,0,0,36,"Within",-0.333333333333333
"2017Del037_2_615",6,"2017Del037_2","2017Del037",724,2,10,0,0,36,"Within",-0.333333333333333
"2017Del037_2_616",0,"2017Del037_2","2017Del037",729,7,12,0,1,34,"Within",-1
"2017Del037_2_616",1,"2017Del037_2","2017Del037",730,7,12,0,1,34,"Within",-1
"2017Del037_2_616",2,"2017Del037_2","2017Del037",731,7,12,0,1,34,"Within",-1
"2017Del037_2_616",3,"2017Del037_2","2017Del037",732,7,12,0,1,34,"Within",-0.333333333333333
"2017Del037_2_616",4,"2017Del037_2","2017Del037",733,7,12,0,1,34,"Within",0.333333333333333
"2017Del037_2_616",5,"2017Del037_2","2017Del037",734,7,12,0,1,34,"Within",1
"2017Del037_2_616",6,"2017Del037_2","2017Del037",735,7,12,0,1,34,"Within",0.333333333333333
"2017Del037_2_617",0,"2017Del037_2","2017Del037",742,2,10,0,0,35,"Within",-1
"2017Del037_2_617",1,"2017Del037_2","2017Del037",743,2,10,0,0,35,"Within",-1
"2017Del037_2_617",2,"2017Del037_2","2017Del037",744,2,10,1,0,35,"Within",-0.333333333333333
"2017Del037_2_617",3,"2017Del037_2","2017Del037",745,2,10,0,0,35,"Within",0.333333333333333
"2017Del037_2_617",4,"2017Del037_2","2017Del037",746,2,10,0,0,35,"Within",0.333333333333333
"2017Del037_2_617",5,"2017Del037_2","2017Del037",747,2,10,0,0,35,"Within",1
"2017Del037_2_617",6,"2017Del037_2","2017Del037",748,2,10,0,0,35,"Within",1
"2017Del037_2_621",0,"2017Del037_2","2017Del037",753,6,14,0,1,35,"Within",-1
"2017Del037_2_621",1,"2017Del037_2","2017Del037",754,6,14,0,1,35,"Within",-1
"2017Del037_2_621",2,"2017Del037_2","2017Del037",755,6,14,0,1,35,"Within",-0.333333333333333
"2017Del037_2_621",3,"2017Del037_2","2017Del037",756,6,14,0,1,35,"Within",1
"2017Del037_2_621",4,"2017Del037_2","2017Del037",757,6,14,0,1,35,"Within",0.333333333333333
"2017Del037_2_621",5,"2017Del037_2","2017Del037",758,6,14,0,1,35,"Within",0.333333333333333
"2017Del037_2_621",6,"2017Del037_2","2017Del037",759,6,14,1,1,35,"Within",-1
"2017Del037_2_624",0,"2017Del037_2","2017Del037",768,1,9,0,0,29,"Within",1
"2017Del037_2_624",1,"2017Del037_2","2017Del037",769,1,9,1,0,29,"Within",1
"2017Del037_2_624",2,"2017Del037_2","2017Del037",770,1,9,0,0,29,"Within",0.333333333333333
"2017Del037_2_624",3,"2017Del037_2","2017Del037",771,1,9,0,0,29,"Within",0.333333333333333
"2017Del037_2_624",4,"2017Del037_2","2017Del037",772,1,9,0,0,29,"Within",-0.333333333333333
"2017Del037_2_624",5,"2017Del037_2","2017Del037",773,1,9,0,0,29,"Within",-1
"2017Del037_2_624",6,"2017Del037_2","2017Del037",774,1,9,0,0,29,"Within",-1
"2017Del037_3_201",0,"2017Del037_3","2017Del037",1,6,13,0,1,29,"Within",-1
"2017Del037_3_201",1,"2017Del037_3","2017Del037",2,6,13,0,1,29,"Within",-1
"2017Del037_3_201",2,"2017Del037_3","2017Del037",3,6,13,0,1,29,"Within",-1
"2017Del037_3_201",3,"2017Del037_3","2017Del037",4,6,13,0,1,29,"Within",-0.333333333333333
"2017Del037_3_201",4,"2017Del037_3","2017Del037",5,6,13,0,1,29,"Within",0.333333333333333
"2017Del037_3_201",5,"2017Del037_3","2017Del037",6,6,13,0,1,29,"Within",1
"2017Del037_3_201",6,"2017Del037_3","2017Del037",7,6,13,1,1,29,"Within",-0.333333333333333
"2017Del037_3_202",0,"2017Del037_3","2017Del037",15,6,12,0,1,35,"Within",-1
"2017Del037_3_202",1,"2017Del037_3","2017Del037",16,6,12,0,1,35,"Within",-1
"2017Del037_3_202",2,"2017Del037_3","2017Del037",17,6,12,0,1,35,"Within",-0.333333333333333
"2017Del037_3_202",3,"2017Del037_3","2017Del037",18,6,12,0,1,35,"Within",0.333333333333333
"2017Del037_3_202",4,"2017Del037_3","2017Del037",19,6,12,0,1,35,"Within",0.333333333333333
"2017Del037_3_202",5,"2017Del037_3","2017Del037",20,6,12,0,1,35,"Within",1
"2017Del037_3_202",6,"2017Del037_3","2017Del037",21,6,12,1,1,35,"Within",-0.333333333333333
"2017Del037_3_205",0,"2017Del037_3","2017Del037",28,0,11,1,1,37,"Within",-1
"2017Del037_3_205",1,"2017Del037_3","2017Del037",29,0,11,0,1,37,"Within",-1
"2017Del037_3_205",2,"2017Del037_3","2017Del037",30,0,11,0,1,37,"Within",-1
"2017Del037_3_205",3,"2017Del037_3","2017Del037",31,0,11,0,1,37,"Within",-0.333333333333333
"2017Del037_3_205",4,"2017Del037_3","2017Del037",32,0,11,0,1,37,"Within",-0.333333333333333
"2017Del037_3_205",5,"2017Del037_3","2017Del037",33,0,11,0,1,37,"Within",1
"2017Del037_3_205",6,"2017Del037_3","2017Del037",34,0,11,0,1,37,"Within",0.333333333333333
"2017Del037_3_206",0,"2017Del037_3","2017Del037",40,5,11,0,1,36,"Within",-1
"2017Del037_3_206",1,"2017Del037_3","2017Del037",41,5,11,0,1,36,"Within",-1
"2017Del037_3_206",2,"2017Del037_3","2017Del037",42,5,11,0,1,36,"Within",-0.333333333333333
"2017Del037_3_206",3,"2017Del037_3","2017Del037",43,5,11,0,1,36,"Within",1
"2017Del037_3_206",4,"2017Del037_3","2017Del037",44,5,11,0,1,36,"Within",1
"2017Del037_3_206",5,"2017Del037_3","2017Del037",45,5,11,1,1,36,"Within",1
"2017Del037_3_206",6,"2017Del037_3","2017Del037",46,5,11,0,1,36,"Within",1
"2017Del037_3_207",0,"2017Del037_3","2017Del037",52,2,12,0,0,33,"Within",-1
"2017Del037_3_207",1,"2017Del037_3","2017Del037",53,2,12,0,0,33,"Within",-1
"2017Del037_3_207",2,"2017Del037_3","2017Del037",54,2,12,1,0,33,"Within",-1
"2017Del037_3_207",3,"2017Del037_3","2017Del037",55,2,12,0,0,33,"Within",1
"2017Del037_3_207",4,"2017Del037_3","2017Del037",56,2,12,0,0,33,"Within",1
"2017Del037_3_207",5,"2017Del037_3","2017Del037",57,2,12,0,0,33,"Within",1
"2017Del037_3_207",6,"2017Del037_3","2017Del037",58,2,12,0,0,33,"Within",-1
"2017Del037_3_209",0,"2017Del037_3","2017Del037",65,1,10,0,0,33,"Within",-1
"2017Del037_3_209",1,"2017Del037_3","2017Del037",66,1,10,1,0,33,"Within",-1
"2017Del037_3_209",2,"2017Del037_3","2017Del037",67,1,10,0,0,33,"Within",-0.333333333333333
"2017Del037_3_209",3,"2017Del037_3","2017Del037",68,1,10,0,0,33,"Within",0.333333333333333
"2017Del037_3_209",4,"2017Del037_3","2017Del037",69,1,10,0,0,33,"Within",0.333333333333333
"2017Del037_3_209",5,"2017Del037_3","2017Del037",70,1,10,0,0,33,"Within",1
"2017Del037_3_209",6,"2017Del037_3","2017Del037",71,1,10,0,0,33,"Within",1
"2017Del037_3_214",0,"2017Del037_3","2017Del037",76,7,11,0,0,36,"Within",-1
"2017Del037_3_214",1,"2017Del037_3","2017Del037",77,7,11,0,0,36,"Within",-1
"2017Del037_3_214",2,"2017Del037_3","2017Del037",78,7,11,0,0,36,"Within",-1
"2017Del037_3_214",3,"2017Del037_3","2017Del037",79,7,11,0,0,36,"Within",0.333333333333333
"2017Del037_3_214",4,"2017Del037_3","2017Del037",80,7,11,0,0,36,"Within",0.333333333333333
"2017Del037_3_214",5,"2017Del037_3","2017Del037",81,7,11,0,0,36,"Within",-1
"2017Del037_3_214",6,"2017Del037_3","2017Del037",82,7,11,0,0,36,"Within",-1
"2017Del037_3_216",0,"2017Del037_3","2017Del037",88,1,12,0,1,35,"Within",-1
"2017Del037_3_216",1,"2017Del037_3","2017Del037",89,1,12,1,1,35,"Within",-0.333333333333333
"2017Del037_3_216",2,"2017Del037_3","2017Del037",90,1,12,0,1,35,"Within",-0.333333333333333
"2017Del037_3_216",3,"2017Del037_3","2017Del037",91,1,12,0,1,35,"Within",0.333333333333333
"2017Del037_3_216",4,"2017Del037_3","2017Del037",92,1,12,0,1,35,"Within",0.333333333333333
"2017Del037_3_216",5,"2017Del037_3","2017Del037",93,1,12,0,1,35,"Within",1
"2017Del037_3_216",6,"2017Del037_3","2017Del037",94,1,12,0,1,35,"Within",0.333333333333333
"2017Del037_3_218",0,"2017Del037_3","2017Del037",101,2,11,0,1,35,"Within",-1
"2017Del037_3_218",1,"2017Del037_3","2017Del037",102,2,11,0,1,35,"Within",-1
"2017Del037_3_218",2,"2017Del037_3","2017Del037",103,2,11,1,1,35,"Within",-0.333333333333333
"2017Del037_3_218",3,"2017Del037_3","2017Del037",104,2,11,0,1,35,"Within",1
"2017Del037_3_218",4,"2017Del037_3","2017Del037",105,2,11,0,1,35,"Within",0.333333333333333
"2017Del037_3_218",5,"2017Del037_3","2017Del037",106,2,11,0,1,35,"Within",0.333333333333333
"2017Del037_3_218",6,"2017Del037_3","2017Del037",107,2,11,0,1,35,"Within",0.333333333333333
"2017Del037_3_220",0,"2017Del037_3","2017Del037",113,1,11,0,0,29,"Within",-1
"2017Del037_3_220",1,"2017Del037_3","2017Del037",114,1,11,1,0,29,"Within",-0.333333333333333
"2017Del037_3_220",2,"2017Del037_3","2017Del037",115,1,11,0,0,29,"Within",0.333333333333333
"2017Del037_3_220",3,"2017Del037_3","2017Del037",116,1,11,0,0,29,"Within",1
"2017Del037_3_220",4,"2017Del037_3","2017Del037",117,1,11,0,0,29,"Within",-0.333333333333333
"2017Del037_3_220",5,"2017Del037_3","2017Del037",118,1,11,0,0,29,"Within",-1
"2017Del037_3_220",6,"2017Del037_3","2017Del037",119,1,11,0,0,29,"Within",-1
"2017Del037_3_223",0,"2017Del037_3","2017Del037",125,2,12,0,0,36,"Within",-1
"2017Del037_3_223",1,"2017Del037_3","2017Del037",126,2,12,0,0,36,"Within",-1
"2017Del037_3_223",2,"2017Del037_3","2017Del037",127,2,12,1,0,36,"Within",-0.333333333333333
"2017Del037_3_223",3,"2017Del037_3","2017Del037",128,2,12,0,0,36,"Within",0.333333333333333
"2017Del037_3_223",4,"2017Del037_3","2017Del037",129,2,12,0,0,36,"Within",0.333333333333333
"2017Del037_3_223",5,"2017Del037_3","2017Del037",130,2,12,0,0,36,"Within",1
"2017Del037_3_223",6,"2017Del037_3","2017Del037",131,2,12,0,0,36,"Within",0.333333333333333
"2017Del037_3_224",0,"2017Del037_3","2017Del037",138,1,9,0,1,36,"Within",-1
"2017Del037_3_224",1,"2017Del037_3","2017Del037",139,1,9,1,1,36,"Within",-0.333333333333333
"2017Del037_3_224",2,"2017Del037_3","2017Del037",140,1,9,0,1,36,"Within",-0.333333333333333
"2017Del037_3_224",3,"2017Del037_3","2017Del037",141,1,9,0,1,36,"Within",1
"2017Del037_3_224",4,"2017Del037_3","2017Del037",142,1,9,0,1,36,"Within",0.333333333333333
"2017Del037_3_224",5,"2017Del037_3","2017Del037",143,1,9,0,1,36,"Within",-0.333333333333333
"2017Del037_3_224",6,"2017Del037_3","2017Del037",144,1,9,0,1,36,"Within",-1
"2017Del037_3_301",0,"2017Del037_3","2017Del037",148,3,9,0,0,34,"Within",-0.333333333333333
"2017Del037_3_301",1,"2017Del037_3","2017Del037",149,3,9,0,0,34,"Within",0.333333333333333
"2017Del037_3_301",2,"2017Del037_3","2017Del037",150,3,9,0,0,34,"Within",0.333333333333333
"2017Del037_3_301",3,"2017Del037_3","2017Del037",151,3,9,1,0,34,"Within",-0.333333333333333
"2017Del037_3_301",4,"2017Del037_3","2017Del037",152,3,9,0,0,34,"Within",-0.333333333333333
"2017Del037_3_301",5,"2017Del037_3","2017Del037",153,3,9,0,0,34,"Within",-1
"2017Del037_3_301",6,"2017Del037_3","2017Del037",154,3,9,0,0,34,"Within",-1
"2017Del037_3_305",0,"2017Del037_3","2017Del037",158,4,13,0,1,35,"Within",-1
"2017Del037_3_305",1,"2017Del037_3","2017Del037",159,4,13,0,1,35,"Within",-0.333333333333333
"2017Del037_3_305",2,"2017Del037_3","2017Del037",160,4,13,0,1,35,"Within",0.333333333333333
"2017Del037_3_305",3,"2017Del037_3","2017Del037",161,4,13,0,1,35,"Within",1
"2017Del037_3_305",4,"2017Del037_3","2017Del037",162,4,13,1,1,35,"Within",0.333333333333333
"2017Del037_3_305",5,"2017Del037_3","2017Del037",163,4,13,0,1,35,"Within",-0.333333333333333
"2017Del037_3_305",6,"2017Del037_3","2017Del037",164,4,13,0,1,35,"Within",-1
"2017Del037_3_311",0,"2017Del037_3","2017Del037",172,0,10,1,1,36,"Within",-1
"2017Del037_3_311",1,"2017Del037_3","2017Del037",173,0,10,0,1,36,"Within",-0.333333333333333
"2017Del037_3_311",2,"2017Del037_3","2017Del037",174,0,10,0,1,36,"Within",0.333333333333333
"2017Del037_3_311",3,"2017Del037_3","2017Del037",175,0,10,0,1,36,"Within",1
"2017Del037_3_311",4,"2017Del037_3","2017Del037",176,0,10,0,1,36,"Within",0.333333333333333
"2017Del037_3_311",5,"2017Del037_3","2017Del037",177,0,10,0,1,36,"Within",-0.333333333333333
"2017Del037_3_311",6,"2017Del037_3","2017Del037",178,0,10,0,1,36,"Within",-1
"2017Del037_3_312",0,"2017Del037_3","2017Del037",183,5,10,0,1,33,"Within",-1
"2017Del037_3_312",1,"2017Del037_3","2017Del037",184,5,10,0,1,33,"Within",-1
"2017Del037_3_312",2,"2017Del037_3","2017Del037",185,5,10,0,1,33,"Within",-0.333333333333333
"2017Del037_3_312",3,"2017Del037_3","2017Del037",186,5,10,0,1,33,"Within",-0.333333333333333
"2017Del037_3_312",4,"2017Del037_3","2017Del037",187,5,10,0,1,33,"Within",0.333333333333333
"2017Del037_3_312",5,"2017Del037_3","2017Del037",188,5,10,1,1,33,"Within",1
"2017Del037_3_312",6,"2017Del037_3","2017Del037",189,5,10,0,1,33,"Within",1
"2017Del037_3_314",0,"2017Del037_3","2017Del037",194,4,9,0,1,35,"Within",-1
"2017Del037_3_314",1,"2017Del037_3","2017Del037",195,4,9,0,1,35,"Within",-1
"2017Del037_3_314",2,"2017Del037_3","2017Del037",196,4,9,0,1,35,"Within",-1
"2017Del037_3_314",3,"2017Del037_3","2017Del037",197,4,9,0,1,35,"Within",-0.333333333333333
"2017Del037_3_314",4,"2017Del037_3","2017Del037",198,4,9,1,1,35,"Within",0.333333333333333
"2017Del037_3_314",5,"2017Del037_3","2017Del037",199,4,9,0,1,35,"Within",1
"2017Del037_3_314",6,"2017Del037_3","2017Del037",200,4,9,0,1,35,"Within",-0.333333333333333
"2017Del037_3_315",0,"2017Del037_3","2017Del037",204,1,6,0,0,35,"Within",1
"2017Del037_3_315",1,"2017Del037_3","2017Del037",205,1,6,1,0,35,"Within",1
"2017Del037_3_315",2,"2017Del037_3","2017Del037",206,1,6,0,0,35,"Within",1
"2017Del037_3_315",3,"2017Del037_3","2017Del037",207,1,6,0,0,35,"Within",1
"2017Del037_3_315",4,"2017Del037_3","2017Del037",208,1,6,0,0,35,"Within",0.333333333333333
"2017Del037_3_315",5,"2017Del037_3","2017Del037",209,1,6,0,0,35,"Within",-0.333333333333333
"2017Del037_3_315",6,"2017Del037_3","2017Del037",210,1,6,0,0,35,"Within",-1
"2017Del037_3_316",0,"2017Del037_3","2017Del037",211,3,10,0,0,31,"Within",-1
"2017Del037_3_316",1,"2017Del037_3","2017Del037",212,3,10,0,0,31,"Within",-1
"2017Del037_3_316",2,"2017Del037_3","2017Del037",213,3,10,0,0,31,"Within",-0.333333333333333
"2017Del037_3_316",3,"2017Del037_3","2017Del037",214,3,10,1,0,31,"Within",1
"2017Del037_3_316",4,"2017Del037_3","2017Del037",215,3,10,0,0,31,"Within",0.333333333333333
"2017Del037_3_316",5,"2017Del037_3","2017Del037",216,3,10,0,0,31,"Within",-0.333333333333333
"2017Del037_3_316",6,"2017Del037_3","2017Del037",217,3,10,0,0,31,"Within",-1
"2017Del037_3_317",0,"2017Del037_3","2017Del037",222,5,11,0,1,33,"Within",-1
"2017Del037_3_317",1,"2017Del037_3","2017Del037",223,5,11,0,1,33,"Within",-1
"2017Del037_3_317",2,"2017Del037_3","2017Del037",224,5,11,0,1,33,"Within",-0.333333333333333
"2017Del037_3_317",3,"2017Del037_3","2017Del037",225,5,11,0,1,33,"Within",1
"2017Del037_3_317",4,"2017Del037_3","2017Del037",226,5,11,0,1,33,"Within",0.333333333333333
"2017Del037_3_317",5,"2017Del037_3","2017Del037",227,5,11,1,1,33,"Within",0.333333333333333
"2017Del037_3_317",6,"2017Del037_3","2017Del037",228,5,11,0,1,33,"Within",-1
"2017Del037_3_320",0,"2017Del037_3","2017Del037",234,0,5,1,1,35,"Within",0.333333333333333
"2017Del037_3_320",1,"2017Del037_3","2017Del037",235,0,5,0,1,35,"Within",0.333333333333333
"2017Del037_3_320",2,"2017Del037_3","2017Del037",236,0,5,0,1,35,"Within",0.333333333333333
"2017Del037_3_320",3,"2017Del037_3","2017Del037",237,0,5,0,1,35,"Within",-0.333333333333333
"2017Del037_3_320",4,"2017Del037_3","2017Del037",238,0,5,0,1,35,"Within",-0.333333333333333
"2017Del037_3_320",5,"2017Del037_3","2017Del037",239,0,5,0,1,35,"Within",-0.333333333333333
"2017Del037_3_321",0,"2017Del037_3","2017Del037",240,3,9,0,0,35,"Within",-1
"2017Del037_3_321",1,"2017Del037_3","2017Del037",241,3,9,0,0,35,"Within",-1
"2017Del037_3_321",2,"2017Del037_3","2017Del037",242,3,9,0,0,35,"Within",-0.333333333333333
"2017Del037_3_321",3,"2017Del037_3","2017Del037",243,3,9,1,0,35,"Within",0.333333333333333
"2017Del037_3_321",4,"2017Del037_3","2017Del037",244,3,9,0,0,35,"Within",0.333333333333333
"2017Del037_3_321",5,"2017Del037_3","2017Del037",245,3,9,0,0,35,"Within",1
"2017Del037_3_321",6,"2017Del037_3","2017Del037",246,3,9,0,0,35,"Within",-0.333333333333333
"2017Del037_3_323",0,"2017Del037_3","2017Del037",250,2,11,0,1,35,"Within",-1
"2017Del037_3_323",1,"2017Del037_3","2017Del037",251,2,11,0,1,35,"Within",-0.333333333333333
"2017Del037_3_323",2,"2017Del037_3","2017Del037",252,2,11,1,1,35,"Within",0.333333333333333
"2017Del037_3_323",3,"2017Del037_3","2017Del037",253,2,11,0,1,35,"Within",0.333333333333333
"2017Del037_3_323",4,"2017Del037_3","2017Del037",254,2,11,0,1,35,"Within",0.333333333333333
"2017Del037_3_323",5,"2017Del037_3","2017Del037",255,2,11,0,1,35,"Within",0.333333333333333
"2017Del037_3_323",6,"2017Del037_3","2017Del037",256,2,11,0,1,35,"Within",-0.333333333333333
"2017Del037_3_324",0,"2017Del037_3","2017Del037",262,6,12,0,0,30,"Within",-1
"2017Del037_3_324",1,"2017Del037_3","2017Del037",263,6,12,0,0,30,"Within",-1
"2017Del037_3_324",2,"2017Del037_3","2017Del037",264,6,12,0,0,30,"Within",-1
"2017Del037_3_324",3,"2017Del037_3","2017Del037",265,6,12,0,0,30,"Within",0.333333333333333
"2017Del037_3_324",4,"2017Del037_3","2017Del037",266,6,12,0,0,30,"Within",0.333333333333333
"2017Del037_3_324",5,"2017Del037_3","2017Del037",267,6,12,0,0,30,"Within",1
"2017Del037_3_324",6,"2017Del037_3","2017Del037",268,6,12,1,0,30,"Within",-0.333333333333333
"2017Del037_3_501",0,"2017Del037_3","2017Del037",275,3,11,0,1,36,"Within",-1
"2017Del037_3_501",1,"2017Del037_3","2017Del037",276,3,11,0,1,36,"Within",-1
"2017Del037_3_501",2,"2017Del037_3","2017Del037",277,3,11,0,1,36,"Within",-0.333333333333333
"2017Del037_3_501",3,"2017Del037_3","2017Del037",278,3,11,1,1,36,"Within",-0.333333333333333
"2017Del037_3_501",4,"2017Del037_3","2017Del037",279,3,11,0,1,36,"Within",0.333333333333333
"2017Del037_3_501",5,"2017Del037_3","2017Del037",280,3,11,0,1,36,"Within",1
"2017Del037_3_501",6,"2017Del037_3","2017Del037",281,3,11,0,1,36,"Within",1
"2017Del037_3_502",0,"2017Del037_3","2017Del037",287,5,11,0,0,34,"Within",-1
"2017Del037_3_502",1,"2017Del037_3","2017Del037",288,5,11,0,0,34,"Within",-1
"2017Del037_3_502",2,"2017Del037_3","2017Del037",289,5,11,0,0,34,"Within",-0.333333333333333
"2017Del037_3_502",3,"2017Del037_3","2017Del037",290,5,11,0,0,34,"Within",0.333333333333333
"2017Del037_3_502",4,"2017Del037_3","2017Del037",291,5,11,0,0,34,"Within",0.333333333333333
"2017Del037_3_502",5,"2017Del037_3","2017Del037",292,5,11,1,0,34,"Within",1
"2017Del037_3_502",6,"2017Del037_3","2017Del037",293,5,11,0,0,34,"Within",-1
"2017Del037_3_506",0,"2017Del037_3","2017Del037",299,4,11,0,1,36,"Within",-1
"2017Del037_3_506",1,"2017Del037_3","2017Del037",300,4,11,0,1,36,"Within",-0.333333333333333
"2017Del037_3_506",2,"2017Del037_3","2017Del037",301,4,11,0,1,36,"Within",0.333333333333333
"2017Del037_3_506",3,"2017Del037_3","2017Del037",302,4,11,0,1,36,"Within",1
"2017Del037_3_506",4,"2017Del037_3","2017Del037",303,4,11,1,1,36,"Within",0.333333333333333
"2017Del037_3_506",5,"2017Del037_3","2017Del037",304,4,11,0,1,36,"Within",1
"2017Del037_3_506",6,"2017Del037_3","2017Del037",305,4,11,0,1,36,"Within",-0.333333333333333
"2017Del037_3_507",0,"2017Del037_3","2017Del037",311,5,13,0,0,33,"Within",-1
"2017Del037_3_507",1,"2017Del037_3","2017Del037",312,5,13,0,0,33,"Within",-0.333333333333333
"2017Del037_3_507",2,"2017Del037_3","2017Del037",313,5,13,0,0,33,"Within",-0.333333333333333
"2017Del037_3_507",3,"2017Del037_3","2017Del037",314,5,13,0,0,33,"Within",0.333333333333333
"2017Del037_3_507",4,"2017Del037_3","2017Del037",315,5,13,0,0,33,"Within",0.333333333333333
"2017Del037_3_507",5,"2017Del037_3","2017Del037",316,5,13,1,0,33,"Within",1
"2017Del037_3_507",6,"2017Del037_3","2017Del037",317,5,13,0,0,33,"Within",0.333333333333333
"2017Del037_3_508",0,"2017Del037_3","2017Del037",325,2,6,0,1,36,"Within",-1
"2017Del037_3_508",1,"2017Del037_3","2017Del037",326,2,6,0,1,36,"Within",-1
"2017Del037_3_508",2,"2017Del037_3","2017Del037",327,2,6,1,1,36,"Within",-0.333333333333333
"2017Del037_3_508",3,"2017Del037_3","2017Del037",328,2,6,0,1,36,"Within",0.333333333333333
"2017Del037_3_508",4,"2017Del037_3","2017Del037",329,2,6,0,1,36,"Within",1
"2017Del037_3_508",5,"2017Del037_3","2017Del037",330,2,6,0,1,36,"Within",1
"2017Del037_3_508",6,"2017Del037_3","2017Del037",331,2,6,0,1,36,"Within",-0.333333333333333
"2017Del037_3_509",0,"2017Del037_3","2017Del037",332,4,11,0,0,34,"Within",-1
"2017Del037_3_509",1,"2017Del037_3","2017Del037",333,4,11,0,0,34,"Within",-1
"2017Del037_3_509",2,"2017Del037_3","2017Del037",334,4,11,0,0,34,"Within",-0.333333333333333
"2017Del037_3_509",3,"2017Del037_3","2017Del037",335,4,11,0,0,34,"Within",-0.333333333333333
"2017Del037_3_509",4,"2017Del037_3","2017Del037",336,4,11,1,0,34,"Within",0.333333333333333
"2017Del037_3_509",5,"2017Del037_3","2017Del037",337,4,11,0,0,34,"Within",1
"2017Del037_3_509",6,"2017Del037_3","2017Del037",338,4,11,0,0,34,"Within",0.333333333333333
"2017Del037_3_510",0,"2017Del037_3","2017Del037",344,2,10,0,1,36,"Within",-1
"2017Del037_3_510",1,"2017Del037_3","2017Del037",345,2,10,0,1,36,"Within",-1
"2017Del037_3_510",2,"2017Del037_3","2017Del037",346,2,10,1,1,36,"Within",-0.333333333333333
"2017Del037_3_510",3,"2017Del037_3","2017Del037",347,2,10,0,1,36,"Within",-0.333333333333333
"2017Del037_3_510",4,"2017Del037_3","2017Del037",348,2,10,0,1,36,"Within",0.333333333333333
"2017Del037_3_510",5,"2017Del037_3","2017Del037",349,2,10,0,1,36,"Within",1
"2017Del037_3_510",6,"2017Del037_3","2017Del037",350,2,10,0,1,36,"Within",0.333333333333333
"2017Del037_3_512",0,"2017Del037_3","2017Del037",355,1,10,0,0,36,"Within",-1
"2017Del037_3_512",1,"2017Del037_3","2017Del037",356,1,10,1,0,36,"Within",-0.333333333333333
"2017Del037_3_512",2,"2017Del037_3","2017Del037",357,1,10,0,0,36,"Within",0.333333333333333
"2017Del037_3_512",3,"2017Del037_3","2017Del037",358,1,10,0,0,36,"Within",1
"2017Del037_3_512",4,"2017Del037_3","2017Del037",359,1,10,0,0,36,"Within",0.333333333333333
"2017Del037_3_512",5,"2017Del037_3","2017Del037",360,1,10,0,0,36,"Within",0.333333333333333
"2017Del037_3_512",6,"2017Del037_3","2017Del037",361,1,10,0,0,36,"Within",0.333333333333333
"2017Del037_3_514",0,"2017Del037_3","2017Del037",366,3,7,0,0,29,"Within",-0.333333333333333
"2017Del037_3_514",1,"2017Del037_3","2017Del037",367,3,7,0,0,29,"Within",-0.333333333333333
"2017Del037_3_514",2,"2017Del037_3","2017Del037",368,3,7,0,0,29,"Within",-0.333333333333333
"2017Del037_3_514",3,"2017Del037_3","2017Del037",369,3,7,1,0,29,"Within",1
"2017Del037_3_514",4,"2017Del037_3","2017Del037",370,3,7,0,0,29,"Within",0.333333333333333
"2017Del037_3_514",5,"2017Del037_3","2017Del037",371,3,7,0,0,29,"Within",-0.333333333333333
"2017Del037_3_514",6,"2017Del037_3","2017Del037",372,3,7,0,0,29,"Within",-0.333333333333333
"2017Del037_3_515",0,"2017Del037_3","2017Del037",374,4,11,0,1,34,"Within",-1
"2017Del037_3_515",1,"2017Del037_3","2017Del037",375,4,11,0,1,34,"Within",-1
"2017Del037_3_515",2,"2017Del037_3","2017Del037",376,4,11,0,1,34,"Within",-1
"2017Del037_3_515",3,"2017Del037_3","2017Del037",377,4,11,0,1,34,"Within",0.333333333333333
"2017Del037_3_515",4,"2017Del037_3","2017Del037",378,4,11,1,1,34,"Within",0.333333333333333
"2017Del037_3_515",5,"2017Del037_3","2017Del037",379,4,11,0,1,34,"Within",1
"2017Del037_3_515",6,"2017Del037_3","2017Del037",380,4,11,0,1,34,"Within",1
