"subject_id","scenarios","treatment_id","paper_id","p","choice","endowment","A","KW_score"
"2017Tho028_1_106",0,"2017Tho028_1","2017Tho028",1891,0,20,1,0.333333333333333
"2017Tho028_1_106",2,"2017Tho028_1","2017Tho028",1893,0,20,0,0.333333333333333
"2017Tho028_1_106",4,"2017Tho028_1","2017Tho028",1895,0,20,0,0.333333333333333
"2017Tho028_1_106",6,"2017Tho028_1","2017Tho028",1897,0,20,0,0.333333333333333
"2017Tho028_1_106",8,"2017Tho028_1","2017Tho028",1899,0,20,0,0.333333333333333
"2017Tho028_1_106",10,"2017Tho028_1","2017Tho028",1901,0,20,0,0.333333333333333
"2017Tho028_1_108",0,"2017Tho028_1","2017Tho028",1912,5,20,0,-0.333333333333333
"2017Tho028_1_108",2,"2017Tho028_1","2017Tho028",1914,5,20,0,0.333333333333333
"2017Tho028_1_108",4,"2017Tho028_1","2017Tho028",1916,5,20,0,0.333333333333333
"2017Tho028_1_108",6,"2017Tho028_1","2017Tho028",1918,5,20,0,0.333333333333333
"2017Tho028_1_108",8,"2017Tho028_1","2017Tho028",1920,5,20,0,1
"2017Tho028_1_108",10,"2017Tho028_1","2017Tho028",1922,5,20,0,1
"2017Tho028_1_109",0,"2017Tho028_1","2017Tho028",1933,0,20,1,-0.333333333333333
"2017Tho028_1_109",2,"2017Tho028_1","2017Tho028",1935,0,20,0,-0.333333333333333
"2017Tho028_1_109",4,"2017Tho028_1","2017Tho028",1937,0,20,0,-0.333333333333333
"2017Tho028_1_109",6,"2017Tho028_1","2017Tho028",1939,0,20,0,0.333333333333333
"2017Tho028_1_109",8,"2017Tho028_1","2017Tho028",1941,0,20,0,0.333333333333333
"2017Tho028_1_109",10,"2017Tho028_1","2017Tho028",1943,0,20,0,1
"2017Tho028_1_1102",0,"2017Tho028_1","2017Tho028",2668,4,20,0,-1
"2017Tho028_1_1102",2,"2017Tho028_1","2017Tho028",2670,4,20,0,-0.333333333333333
"2017Tho028_1_1102",4,"2017Tho028_1","2017Tho028",2672,4,20,1,0.333333333333333
"2017Tho028_1_1102",6,"2017Tho028_1","2017Tho028",2674,4,20,0,0.333333333333333
"2017Tho028_1_1102",8,"2017Tho028_1","2017Tho028",2676,4,20,0,1
"2017Tho028_1_1102",10,"2017Tho028_1","2017Tho028",2678,4,20,0,1
"2017Tho028_1_1104",0,"2017Tho028_1","2017Tho028",2689,4,20,0,-1
"2017Tho028_1_1104",2,"2017Tho028_1","2017Tho028",2691,4,20,0,-1
"2017Tho028_1_1104",4,"2017Tho028_1","2017Tho028",2693,4,20,1,-0.333333333333333
"2017Tho028_1_1104",6,"2017Tho028_1","2017Tho028",2695,4,20,0,-0.333333333333333
"2017Tho028_1_1104",8,"2017Tho028_1","2017Tho028",2697,4,20,0,0.333333333333333
"2017Tho028_1_1104",10,"2017Tho028_1","2017Tho028",2699,4,20,0,1
"2017Tho028_1_1105",0,"2017Tho028_1","2017Tho028",2710,4,20,0,-0.333333333333333
"2017Tho028_1_1105",2,"2017Tho028_1","2017Tho028",2712,4,20,0,-0.333333333333333
"2017Tho028_1_1105",4,"2017Tho028_1","2017Tho028",2714,4,20,1,-0.333333333333333
"2017Tho028_1_1105",6,"2017Tho028_1","2017Tho028",2716,4,20,0,-0.333333333333333
"2017Tho028_1_1105",8,"2017Tho028_1","2017Tho028",2718,4,20,0,0.333333333333333
"2017Tho028_1_1105",10,"2017Tho028_1","2017Tho028",2720,4,20,0,1
"2017Tho028_1_1109",0,"2017Tho028_1","2017Tho028",2731,2,20,0,-1
"2017Tho028_1_1109",2,"2017Tho028_1","2017Tho028",2733,2,20,1,-0.333333333333333
"2017Tho028_1_1109",4,"2017Tho028_1","2017Tho028",2735,2,20,0,-0.333333333333333
"2017Tho028_1_1109",6,"2017Tho028_1","2017Tho028",2737,2,20,0,0.333333333333333
"2017Tho028_1_1109",8,"2017Tho028_1","2017Tho028",2739,2,20,0,1
"2017Tho028_1_1109",10,"2017Tho028_1","2017Tho028",2741,2,20,0,1
"2017Tho028_1_1114",0,"2017Tho028_1","2017Tho028",2752,0,20,1,-1
"2017Tho028_1_1114",2,"2017Tho028_1","2017Tho028",2754,0,20,0,-1
"2017Tho028_1_1114",4,"2017Tho028_1","2017Tho028",2756,0,20,0,-0.333333333333333
"2017Tho028_1_1114",6,"2017Tho028_1","2017Tho028",2758,0,20,0,-0.333333333333333
"2017Tho028_1_1114",8,"2017Tho028_1","2017Tho028",2760,0,20,0,0.333333333333333
"2017Tho028_1_1114",10,"2017Tho028_1","2017Tho028",2762,0,20,0,1
"2017Tho028_1_1115",0,"2017Tho028_1","2017Tho028",2773,7,20,0,-0.333333333333333
"2017Tho028_1_1115",2,"2017Tho028_1","2017Tho028",2775,7,20,0,-0.333333333333333
"2017Tho028_1_1115",4,"2017Tho028_1","2017Tho028",2777,7,20,0,-0.333333333333333
"2017Tho028_1_1115",6,"2017Tho028_1","2017Tho028",2779,7,20,0,0.333333333333333
"2017Tho028_1_1115",8,"2017Tho028_1","2017Tho028",2781,7,20,0,1
"2017Tho028_1_1115",10,"2017Tho028_1","2017Tho028",2783,7,20,0,1
"2017Tho028_1_1116",0,"2017Tho028_1","2017Tho028",2794,10,20,0,-1
"2017Tho028_1_1116",2,"2017Tho028_1","2017Tho028",2796,10,20,0,-1
"2017Tho028_1_1116",4,"2017Tho028_1","2017Tho028",2798,10,20,0,-1
"2017Tho028_1_1116",6,"2017Tho028_1","2017Tho028",2800,10,20,0,-0.333333333333333
"2017Tho028_1_1116",8,"2017Tho028_1","2017Tho028",2802,10,20,0,0.333333333333333
"2017Tho028_1_1116",10,"2017Tho028_1","2017Tho028",2804,10,20,1,1
"2017Tho028_1_1117",0,"2017Tho028_1","2017Tho028",2815,0,20,1,-0.333333333333333
"2017Tho028_1_1117",2,"2017Tho028_1","2017Tho028",2817,0,20,0,0.333333333333333
"2017Tho028_1_1117",4,"2017Tho028_1","2017Tho028",2819,0,20,0,0.333333333333333
"2017Tho028_1_1117",6,"2017Tho028_1","2017Tho028",2821,0,20,0,0.333333333333333
"2017Tho028_1_1117",8,"2017Tho028_1","2017Tho028",2823,0,20,0,1
"2017Tho028_1_1117",10,"2017Tho028_1","2017Tho028",2825,0,20,0,1
"2017Tho028_1_1119",0,"2017Tho028_1","2017Tho028",2836,0,20,1,-1
"2017Tho028_1_1119",2,"2017Tho028_1","2017Tho028",2838,0,20,0,-0.333333333333333
"2017Tho028_1_1119",4,"2017Tho028_1","2017Tho028",2840,0,20,0,-0.333333333333333
"2017Tho028_1_1119",6,"2017Tho028_1","2017Tho028",2842,0,20,0,0.333333333333333
"2017Tho028_1_1119",8,"2017Tho028_1","2017Tho028",2844,0,20,0,0.333333333333333
"2017Tho028_1_1119",10,"2017Tho028_1","2017Tho028",2846,0,20,0,1
"2017Tho028_1_112",0,"2017Tho028_1","2017Tho028",1954,5,20,0,-1
"2017Tho028_1_112",2,"2017Tho028_1","2017Tho028",1956,5,20,0,-1
"2017Tho028_1_112",4,"2017Tho028_1","2017Tho028",1958,5,20,0,-0.333333333333333
"2017Tho028_1_112",6,"2017Tho028_1","2017Tho028",1960,5,20,0,0.333333333333333
"2017Tho028_1_112",8,"2017Tho028_1","2017Tho028",1962,5,20,0,1
"2017Tho028_1_112",10,"2017Tho028_1","2017Tho028",1964,5,20,0,1
"2017Tho028_1_1122",0,"2017Tho028_1","2017Tho028",2857,2,20,0,1
"2017Tho028_1_1122",2,"2017Tho028_1","2017Tho028",2859,2,20,1,1
"2017Tho028_1_1122",4,"2017Tho028_1","2017Tho028",2861,2,20,0,0.333333333333333
"2017Tho028_1_1122",6,"2017Tho028_1","2017Tho028",2863,2,20,0,0.333333333333333
"2017Tho028_1_1122",8,"2017Tho028_1","2017Tho028",2865,2,20,0,-0.333333333333333
"2017Tho028_1_1122",10,"2017Tho028_1","2017Tho028",2867,2,20,0,-1
"2017Tho028_1_1123",0,"2017Tho028_1","2017Tho028",2878,4,20,0,-1
"2017Tho028_1_1123",2,"2017Tho028_1","2017Tho028",2880,4,20,0,-1
"2017Tho028_1_1123",4,"2017Tho028_1","2017Tho028",2882,4,20,1,-0.333333333333333
"2017Tho028_1_1123",6,"2017Tho028_1","2017Tho028",2884,4,20,0,-0.333333333333333
"2017Tho028_1_1123",8,"2017Tho028_1","2017Tho028",2886,4,20,0,0.333333333333333
"2017Tho028_1_1123",10,"2017Tho028_1","2017Tho028",2888,4,20,0,1
"2017Tho028_1_1124",0,"2017Tho028_1","2017Tho028",2899,0,20,1,-1
"2017Tho028_1_1124",2,"2017Tho028_1","2017Tho028",2901,0,20,0,-0.333333333333333
"2017Tho028_1_1124",4,"2017Tho028_1","2017Tho028",2903,0,20,0,0.333333333333333
"2017Tho028_1_1124",6,"2017Tho028_1","2017Tho028",2905,0,20,0,0.333333333333333
"2017Tho028_1_1124",8,"2017Tho028_1","2017Tho028",2907,0,20,0,0.333333333333333
"2017Tho028_1_1124",10,"2017Tho028_1","2017Tho028",2909,0,20,0,1
"2017Tho028_1_1126",0,"2017Tho028_1","2017Tho028",2920,0,20,1,-1
"2017Tho028_1_1126",2,"2017Tho028_1","2017Tho028",2922,0,20,0,-0.333333333333333
"2017Tho028_1_1126",4,"2017Tho028_1","2017Tho028",2924,0,20,0,0.333333333333333
"2017Tho028_1_1126",6,"2017Tho028_1","2017Tho028",2926,0,20,0,0.333333333333333
"2017Tho028_1_1126",8,"2017Tho028_1","2017Tho028",2928,0,20,0,0.333333333333333
"2017Tho028_1_1126",10,"2017Tho028_1","2017Tho028",2930,0,20,0,1
"2017Tho028_1_1127",0,"2017Tho028_1","2017Tho028",2941,2,20,0,-1
"2017Tho028_1_1127",2,"2017Tho028_1","2017Tho028",2943,2,20,1,-1
"2017Tho028_1_1127",4,"2017Tho028_1","2017Tho028",2945,2,20,0,-0.333333333333333
"2017Tho028_1_1127",6,"2017Tho028_1","2017Tho028",2947,2,20,0,0.333333333333333
"2017Tho028_1_1127",8,"2017Tho028_1","2017Tho028",2949,2,20,0,0.333333333333333
"2017Tho028_1_1127",10,"2017Tho028_1","2017Tho028",2951,2,20,0,1
"2017Tho028_1_1128",0,"2017Tho028_1","2017Tho028",2962,0,20,1,-0.333333333333333
"2017Tho028_1_1128",2,"2017Tho028_1","2017Tho028",2964,0,20,0,0.333333333333333
"2017Tho028_1_1128",4,"2017Tho028_1","2017Tho028",2966,0,20,0,0.333333333333333
"2017Tho028_1_1128",6,"2017Tho028_1","2017Tho028",2968,0,20,0,0.333333333333333
"2017Tho028_1_1128",8,"2017Tho028_1","2017Tho028",2970,0,20,0,0.333333333333333
"2017Tho028_1_1128",10,"2017Tho028_1","2017Tho028",2972,0,20,0,1
"2017Tho028_1_1129",0,"2017Tho028_1","2017Tho028",2983,8,20,0,0.333333333333333
"2017Tho028_1_1129",2,"2017Tho028_1","2017Tho028",2985,8,20,0,-0.333333333333333
"2017Tho028_1_1129",4,"2017Tho028_1","2017Tho028",2987,8,20,0,-0.333333333333333
"2017Tho028_1_1129",6,"2017Tho028_1","2017Tho028",2989,8,20,0,-0.333333333333333
"2017Tho028_1_1129",8,"2017Tho028_1","2017Tho028",2991,8,20,1,-0.333333333333333
"2017Tho028_1_1129",10,"2017Tho028_1","2017Tho028",2993,8,20,0,1
"2017Tho028_1_113",0,"2017Tho028_1","2017Tho028",1975,8,20,0,-1
"2017Tho028_1_113",2,"2017Tho028_1","2017Tho028",1977,8,20,0,-1
"2017Tho028_1_113",4,"2017Tho028_1","2017Tho028",1979,8,20,0,-0.333333333333333
"2017Tho028_1_113",6,"2017Tho028_1","2017Tho028",1981,8,20,0,-0.333333333333333
"2017Tho028_1_113",8,"2017Tho028_1","2017Tho028",1983,8,20,1,0.333333333333333
"2017Tho028_1_113",10,"2017Tho028_1","2017Tho028",1985,8,20,0,1
"2017Tho028_1_115",0,"2017Tho028_1","2017Tho028",1996,10,20,0,-1
"2017Tho028_1_115",2,"2017Tho028_1","2017Tho028",1998,10,20,0,-1
"2017Tho028_1_115",4,"2017Tho028_1","2017Tho028",2000,10,20,0,-1
"2017Tho028_1_115",6,"2017Tho028_1","2017Tho028",2002,10,20,0,-0.333333333333333
"2017Tho028_1_115",8,"2017Tho028_1","2017Tho028",2004,10,20,0,0.333333333333333
"2017Tho028_1_115",10,"2017Tho028_1","2017Tho028",2006,10,20,1,1
"2017Tho028_1_117",0,"2017Tho028_1","2017Tho028",2017,4,20,0,-0.333333333333333
"2017Tho028_1_117",2,"2017Tho028_1","2017Tho028",2019,4,20,0,-0.333333333333333
"2017Tho028_1_117",4,"2017Tho028_1","2017Tho028",2021,4,20,1,-0.333333333333333
"2017Tho028_1_117",6,"2017Tho028_1","2017Tho028",2023,4,20,0,-0.333333333333333
"2017Tho028_1_117",8,"2017Tho028_1","2017Tho028",2025,4,20,0,0.333333333333333
"2017Tho028_1_117",10,"2017Tho028_1","2017Tho028",2027,4,20,0,1
"2017Tho028_1_118",0,"2017Tho028_1","2017Tho028",2038,10,20,0,-1
"2017Tho028_1_118",2,"2017Tho028_1","2017Tho028",2040,10,20,0,-1
"2017Tho028_1_118",4,"2017Tho028_1","2017Tho028",2042,10,20,0,-1
"2017Tho028_1_118",6,"2017Tho028_1","2017Tho028",2044,10,20,0,-1
"2017Tho028_1_118",8,"2017Tho028_1","2017Tho028",2046,10,20,0,0.333333333333333
"2017Tho028_1_118",10,"2017Tho028_1","2017Tho028",2048,10,20,1,1
"2017Tho028_1_119",0,"2017Tho028_1","2017Tho028",2059,4,20,0,-1
"2017Tho028_1_119",2,"2017Tho028_1","2017Tho028",2061,4,20,0,-0.333333333333333
"2017Tho028_1_119",4,"2017Tho028_1","2017Tho028",2063,4,20,1,-0.333333333333333
"2017Tho028_1_119",6,"2017Tho028_1","2017Tho028",2065,4,20,0,0.333333333333333
"2017Tho028_1_119",8,"2017Tho028_1","2017Tho028",2067,4,20,0,0.333333333333333
"2017Tho028_1_119",10,"2017Tho028_1","2017Tho028",2069,4,20,0,1
"2017Tho028_1_120",0,"2017Tho028_1","2017Tho028",2080,5,20,0,-0.333333333333333
"2017Tho028_1_120",2,"2017Tho028_1","2017Tho028",2082,5,20,0,0.333333333333333
"2017Tho028_1_120",4,"2017Tho028_1","2017Tho028",2084,5,20,0,0.333333333333333
"2017Tho028_1_120",6,"2017Tho028_1","2017Tho028",2086,5,20,0,0.333333333333333
"2017Tho028_1_120",8,"2017Tho028_1","2017Tho028",2088,5,20,0,0.333333333333333
"2017Tho028_1_120",10,"2017Tho028_1","2017Tho028",2090,5,20,0,1
"2017Tho028_1_121",0,"2017Tho028_1","2017Tho028",2101,2,20,0,-1
"2017Tho028_1_121",2,"2017Tho028_1","2017Tho028",2103,2,20,1,-0.333333333333333
"2017Tho028_1_121",4,"2017Tho028_1","2017Tho028",2105,2,20,0,-0.333333333333333
"2017Tho028_1_121",6,"2017Tho028_1","2017Tho028",2107,2,20,0,0.333333333333333
"2017Tho028_1_121",8,"2017Tho028_1","2017Tho028",2109,2,20,0,0.333333333333333
"2017Tho028_1_121",10,"2017Tho028_1","2017Tho028",2111,2,20,0,1
"2017Tho028_1_123",0,"2017Tho028_1","2017Tho028",2122,1,20,0,-1
"2017Tho028_1_123",2,"2017Tho028_1","2017Tho028",2124,1,20,0,-1
"2017Tho028_1_123",4,"2017Tho028_1","2017Tho028",2126,1,20,0,-0.333333333333333
"2017Tho028_1_123",6,"2017Tho028_1","2017Tho028",2128,1,20,0,0.333333333333333
"2017Tho028_1_123",8,"2017Tho028_1","2017Tho028",2130,1,20,0,1
"2017Tho028_1_123",10,"2017Tho028_1","2017Tho028",2132,1,20,0,1
"2017Tho028_1_126",0,"2017Tho028_1","2017Tho028",2143,2,20,0,-1
"2017Tho028_1_126",2,"2017Tho028_1","2017Tho028",2145,2,20,1,-1
"2017Tho028_1_126",4,"2017Tho028_1","2017Tho028",2147,2,20,0,-0.333333333333333
"2017Tho028_1_126",6,"2017Tho028_1","2017Tho028",2149,2,20,0,-0.333333333333333
"2017Tho028_1_126",8,"2017Tho028_1","2017Tho028",2151,2,20,0,0.333333333333333
"2017Tho028_1_126",10,"2017Tho028_1","2017Tho028",2153,2,20,0,1
"2017Tho028_1_127",0,"2017Tho028_1","2017Tho028",2164,5,20,0,-1
"2017Tho028_1_127",2,"2017Tho028_1","2017Tho028",2166,5,20,0,-0.333333333333333
"2017Tho028_1_127",4,"2017Tho028_1","2017Tho028",2168,5,20,0,-0.333333333333333
"2017Tho028_1_127",6,"2017Tho028_1","2017Tho028",2170,5,20,0,0.333333333333333
"2017Tho028_1_127",8,"2017Tho028_1","2017Tho028",2172,5,20,0,0.333333333333333
"2017Tho028_1_127",10,"2017Tho028_1","2017Tho028",2174,5,20,0,1
"2017Tho028_1_130",0,"2017Tho028_1","2017Tho028",2185,5,20,0,-1
"2017Tho028_1_130",2,"2017Tho028_1","2017Tho028",2187,5,20,0,-1
"2017Tho028_1_130",4,"2017Tho028_1","2017Tho028",2189,5,20,0,-1
"2017Tho028_1_130",6,"2017Tho028_1","2017Tho028",2191,5,20,0,-1
"2017Tho028_1_130",8,"2017Tho028_1","2017Tho028",2193,5,20,0,-0.333333333333333
"2017Tho028_1_130",10,"2017Tho028_1","2017Tho028",2195,5,20,0,1
"2017Tho028_1_132",0,"2017Tho028_1","2017Tho028",2206,5,20,0,-0.333333333333333
"2017Tho028_1_132",2,"2017Tho028_1","2017Tho028",2208,5,20,0,0.333333333333333
"2017Tho028_1_132",4,"2017Tho028_1","2017Tho028",2210,5,20,0,0.333333333333333
"2017Tho028_1_132",6,"2017Tho028_1","2017Tho028",2212,5,20,0,0.333333333333333
"2017Tho028_1_132",8,"2017Tho028_1","2017Tho028",2214,5,20,0,0.333333333333333
"2017Tho028_1_132",10,"2017Tho028_1","2017Tho028",2216,5,20,0,1
"2017Tho028_1_203",0,"2017Tho028_1","2017Tho028",2227,10,20,0,-1
"2017Tho028_1_203",2,"2017Tho028_1","2017Tho028",2229,10,20,0,-0.333333333333333
"2017Tho028_1_203",4,"2017Tho028_1","2017Tho028",2231,10,20,0,-0.333333333333333
"2017Tho028_1_203",6,"2017Tho028_1","2017Tho028",2233,10,20,0,-0.333333333333333
"2017Tho028_1_203",8,"2017Tho028_1","2017Tho028",2235,10,20,0,-0.333333333333333
"2017Tho028_1_203",10,"2017Tho028_1","2017Tho028",2237,10,20,1,1
"2017Tho028_1_204",0,"2017Tho028_1","2017Tho028",2248,10,20,0,-1
"2017Tho028_1_204",2,"2017Tho028_1","2017Tho028",2250,10,20,0,-0.333333333333333
"2017Tho028_1_204",4,"2017Tho028_1","2017Tho028",2252,10,20,0,0.333333333333333
"2017Tho028_1_204",6,"2017Tho028_1","2017Tho028",2254,10,20,0,0.333333333333333
"2017Tho028_1_204",8,"2017Tho028_1","2017Tho028",2256,10,20,0,0.333333333333333
"2017Tho028_1_204",10,"2017Tho028_1","2017Tho028",2258,10,20,1,1
"2017Tho028_1_211",0,"2017Tho028_1","2017Tho028",2269,0,20,1,-1
"2017Tho028_1_211",2,"2017Tho028_1","2017Tho028",2271,0,20,0,-1
"2017Tho028_1_211",4,"2017Tho028_1","2017Tho028",2273,0,20,0,-0.333333333333333
"2017Tho028_1_211",6,"2017Tho028_1","2017Tho028",2275,0,20,0,0.333333333333333
"2017Tho028_1_211",8,"2017Tho028_1","2017Tho028",2277,0,20,0,1
"2017Tho028_1_211",10,"2017Tho028_1","2017Tho028",2279,0,20,0,1
"2017Tho028_1_212",0,"2017Tho028_1","2017Tho028",2290,2,20,0,-1
"2017Tho028_1_212",2,"2017Tho028_1","2017Tho028",2292,2,20,1,-1
"2017Tho028_1_212",4,"2017Tho028_1","2017Tho028",2294,2,20,0,-0.333333333333333
"2017Tho028_1_212",6,"2017Tho028_1","2017Tho028",2296,2,20,0,0.333333333333333
"2017Tho028_1_212",8,"2017Tho028_1","2017Tho028",2298,2,20,0,0.333333333333333
"2017Tho028_1_212",10,"2017Tho028_1","2017Tho028",2300,2,20,0,1
"2017Tho028_1_213",0,"2017Tho028_1","2017Tho028",2311,2,20,0,-1
"2017Tho028_1_213",2,"2017Tho028_1","2017Tho028",2313,2,20,1,-0.333333333333333
"2017Tho028_1_213",4,"2017Tho028_1","2017Tho028",2315,2,20,0,0.333333333333333
"2017Tho028_1_213",6,"2017Tho028_1","2017Tho028",2317,2,20,0,0.333333333333333
"2017Tho028_1_213",8,"2017Tho028_1","2017Tho028",2319,2,20,0,0.333333333333333
"2017Tho028_1_213",10,"2017Tho028_1","2017Tho028",2321,2,20,0,1
"2017Tho028_1_216",0,"2017Tho028_1","2017Tho028",2332,8,20,0,-0.333333333333333
"2017Tho028_1_216",2,"2017Tho028_1","2017Tho028",2334,8,20,0,-0.333333333333333
"2017Tho028_1_216",4,"2017Tho028_1","2017Tho028",2336,8,20,0,-0.333333333333333
"2017Tho028_1_216",6,"2017Tho028_1","2017Tho028",2338,8,20,0,0.333333333333333
"2017Tho028_1_216",8,"2017Tho028_1","2017Tho028",2340,8,20,1,0.333333333333333
"2017Tho028_1_216",10,"2017Tho028_1","2017Tho028",2342,8,20,0,1
"2017Tho028_1_217",0,"2017Tho028_1","2017Tho028",2353,0,20,1,-0.333333333333333
"2017Tho028_1_217",2,"2017Tho028_1","2017Tho028",2355,0,20,0,-0.333333333333333
"2017Tho028_1_217",4,"2017Tho028_1","2017Tho028",2357,0,20,0,-0.333333333333333
"2017Tho028_1_217",6,"2017Tho028_1","2017Tho028",2359,0,20,0,0.333333333333333
"2017Tho028_1_217",8,"2017Tho028_1","2017Tho028",2361,0,20,0,0.333333333333333
"2017Tho028_1_217",10,"2017Tho028_1","2017Tho028",2363,0,20,0,0.333333333333333
"2017Tho028_1_218",0,"2017Tho028_1","2017Tho028",2374,2,20,0,-1
"2017Tho028_1_218",2,"2017Tho028_1","2017Tho028",2376,2,20,1,-0.333333333333333
"2017Tho028_1_218",4,"2017Tho028_1","2017Tho028",2378,2,20,0,0.333333333333333
"2017Tho028_1_218",6,"2017Tho028_1","2017Tho028",2380,2,20,0,0.333333333333333
"2017Tho028_1_218",8,"2017Tho028_1","2017Tho028",2382,2,20,0,0.333333333333333
"2017Tho028_1_218",10,"2017Tho028_1","2017Tho028",2384,2,20,0,1
"2017Tho028_1_219",0,"2017Tho028_1","2017Tho028",2395,10,20,0,-1
"2017Tho028_1_219",2,"2017Tho028_1","2017Tho028",2397,10,20,0,-1
"2017Tho028_1_219",4,"2017Tho028_1","2017Tho028",2399,10,20,0,-1
"2017Tho028_1_219",6,"2017Tho028_1","2017Tho028",2401,10,20,0,-0.333333333333333
"2017Tho028_1_219",8,"2017Tho028_1","2017Tho028",2403,10,20,0,0.333333333333333
"2017Tho028_1_219",10,"2017Tho028_1","2017Tho028",2405,10,20,1,1
"2017Tho028_1_220",0,"2017Tho028_1","2017Tho028",2416,0,20,1,-1
"2017Tho028_1_220",2,"2017Tho028_1","2017Tho028",2418,0,20,0,-1
"2017Tho028_1_220",4,"2017Tho028_1","2017Tho028",2420,0,20,0,-1
"2017Tho028_1_220",6,"2017Tho028_1","2017Tho028",2422,0,20,0,-0.333333333333333
"2017Tho028_1_220",8,"2017Tho028_1","2017Tho028",2424,0,20,0,0.333333333333333
"2017Tho028_1_220",10,"2017Tho028_1","2017Tho028",2426,0,20,0,1
"2017Tho028_1_221",0,"2017Tho028_1","2017Tho028",2437,0,20,1,-1
"2017Tho028_1_221",2,"2017Tho028_1","2017Tho028",2439,0,20,0,-0.333333333333333
"2017Tho028_1_221",4,"2017Tho028_1","2017Tho028",2441,0,20,0,-0.333333333333333
"2017Tho028_1_221",6,"2017Tho028_1","2017Tho028",2443,0,20,0,0.333333333333333
"2017Tho028_1_221",8,"2017Tho028_1","2017Tho028",2445,0,20,0,0.333333333333333
"2017Tho028_1_221",10,"2017Tho028_1","2017Tho028",2447,0,20,0,1
"2017Tho028_1_702",0,"2017Tho028_1","2017Tho028",2458,2,20,0,-1
"2017Tho028_1_702",2,"2017Tho028_1","2017Tho028",2460,2,20,1,-1
"2017Tho028_1_702",4,"2017Tho028_1","2017Tho028",2462,2,20,0,-0.333333333333333
"2017Tho028_1_702",6,"2017Tho028_1","2017Tho028",2464,2,20,0,-0.333333333333333
"2017Tho028_1_702",8,"2017Tho028_1","2017Tho028",2466,2,20,0,0.333333333333333
"2017Tho028_1_702",10,"2017Tho028_1","2017Tho028",2468,2,20,0,1
"2017Tho028_1_703",0,"2017Tho028_1","2017Tho028",2479,8,20,0,-1
"2017Tho028_1_703",2,"2017Tho028_1","2017Tho028",2481,8,20,0,-1
"2017Tho028_1_703",4,"2017Tho028_1","2017Tho028",2483,8,20,0,-0.333333333333333
"2017Tho028_1_703",6,"2017Tho028_1","2017Tho028",2485,8,20,0,-0.333333333333333
"2017Tho028_1_703",8,"2017Tho028_1","2017Tho028",2487,8,20,1,0.333333333333333
"2017Tho028_1_703",10,"2017Tho028_1","2017Tho028",2489,8,20,0,1
"2017Tho028_1_704",0,"2017Tho028_1","2017Tho028",2500,8,20,0,-1
"2017Tho028_1_704",2,"2017Tho028_1","2017Tho028",2502,8,20,0,-1
"2017Tho028_1_704",4,"2017Tho028_1","2017Tho028",2504,8,20,0,-1
"2017Tho028_1_704",6,"2017Tho028_1","2017Tho028",2506,8,20,0,-0.333333333333333
"2017Tho028_1_704",8,"2017Tho028_1","2017Tho028",2508,8,20,1,0.333333333333333
"2017Tho028_1_704",10,"2017Tho028_1","2017Tho028",2510,8,20,0,1
"2017Tho028_1_705",0,"2017Tho028_1","2017Tho028",2521,7,20,0,-1
"2017Tho028_1_705",2,"2017Tho028_1","2017Tho028",2523,7,20,0,-1
"2017Tho028_1_705",4,"2017Tho028_1","2017Tho028",2525,7,20,0,-0.333333333333333
"2017Tho028_1_705",6,"2017Tho028_1","2017Tho028",2527,7,20,0,0.333333333333333
"2017Tho028_1_705",8,"2017Tho028_1","2017Tho028",2529,7,20,0,1
"2017Tho028_1_705",10,"2017Tho028_1","2017Tho028",2531,7,20,0,0.333333333333333
"2017Tho028_1_707",0,"2017Tho028_1","2017Tho028",2542,5,20,0,-1
"2017Tho028_1_707",2,"2017Tho028_1","2017Tho028",2544,5,20,0,-1
"2017Tho028_1_707",4,"2017Tho028_1","2017Tho028",2546,5,20,0,-1
"2017Tho028_1_707",6,"2017Tho028_1","2017Tho028",2548,5,20,0,-0.333333333333333
"2017Tho028_1_707",8,"2017Tho028_1","2017Tho028",2550,5,20,0,0.333333333333333
"2017Tho028_1_707",10,"2017Tho028_1","2017Tho028",2552,5,20,0,1
"2017Tho028_1_708",0,"2017Tho028_1","2017Tho028",2563,0,20,1,-1
"2017Tho028_1_708",2,"2017Tho028_1","2017Tho028",2565,0,20,0,-1
"2017Tho028_1_708",4,"2017Tho028_1","2017Tho028",2567,0,20,0,-1
"2017Tho028_1_708",6,"2017Tho028_1","2017Tho028",2569,0,20,0,-1
"2017Tho028_1_708",8,"2017Tho028_1","2017Tho028",2571,0,20,0,-0.333333333333333
"2017Tho028_1_708",10,"2017Tho028_1","2017Tho028",2573,0,20,0,1
"2017Tho028_1_710",0,"2017Tho028_1","2017Tho028",2584,8,20,0,-1
"2017Tho028_1_710",2,"2017Tho028_1","2017Tho028",2586,8,20,0,-1
"2017Tho028_1_710",4,"2017Tho028_1","2017Tho028",2588,8,20,0,-1
"2017Tho028_1_710",6,"2017Tho028_1","2017Tho028",2590,8,20,0,0.333333333333333
"2017Tho028_1_710",8,"2017Tho028_1","2017Tho028",2592,8,20,1,1
"2017Tho028_1_710",10,"2017Tho028_1","2017Tho028",2594,8,20,0,1
"2017Tho028_1_711",0,"2017Tho028_1","2017Tho028",2605,5,20,0,-0.333333333333333
"2017Tho028_1_711",2,"2017Tho028_1","2017Tho028",2607,5,20,0,-0.333333333333333
"2017Tho028_1_711",4,"2017Tho028_1","2017Tho028",2609,5,20,0,-0.333333333333333
"2017Tho028_1_711",6,"2017Tho028_1","2017Tho028",2611,5,20,0,0.333333333333333
"2017Tho028_1_711",8,"2017Tho028_1","2017Tho028",2613,5,20,0,0.333333333333333
"2017Tho028_1_711",10,"2017Tho028_1","2017Tho028",2615,5,20,0,1
"2017Tho028_1_716",0,"2017Tho028_1","2017Tho028",2626,2,20,0,-0.333333333333333
"2017Tho028_1_716",2,"2017Tho028_1","2017Tho028",2628,2,20,1,-0.333333333333333
"2017Tho028_1_716",4,"2017Tho028_1","2017Tho028",2630,2,20,0,-0.333333333333333
"2017Tho028_1_716",6,"2017Tho028_1","2017Tho028",2632,2,20,0,0.333333333333333
"2017Tho028_1_716",8,"2017Tho028_1","2017Tho028",2634,2,20,0,1
"2017Tho028_1_716",10,"2017Tho028_1","2017Tho028",2636,2,20,0,1
"2017Tho028_1_719",0,"2017Tho028_1","2017Tho028",2647,10,20,0,-1
"2017Tho028_1_719",2,"2017Tho028_1","2017Tho028",2649,10,20,0,-1
"2017Tho028_1_719",4,"2017Tho028_1","2017Tho028",2651,10,20,0,-0.333333333333333
"2017Tho028_1_719",6,"2017Tho028_1","2017Tho028",2653,10,20,0,0.333333333333333
"2017Tho028_1_719",8,"2017Tho028_1","2017Tho028",2655,10,20,0,1
"2017Tho028_1_719",10,"2017Tho028_1","2017Tho028",2657,10,20,1,1
"2017Tho028_2_1001",0,"2017Tho028_2","2017Tho028",1303,6,20,0,-1
"2017Tho028_2_1001",2,"2017Tho028_2","2017Tho028",1305,6,20,0,-0.333333333333333
"2017Tho028_2_1001",4,"2017Tho028_2","2017Tho028",1307,6,20,0,-0.333333333333333
"2017Tho028_2_1001",6,"2017Tho028_2","2017Tho028",1309,6,20,1,0.333333333333333
"2017Tho028_2_1001",8,"2017Tho028_2","2017Tho028",1311,6,20,0,1
"2017Tho028_2_1001",10,"2017Tho028_2","2017Tho028",1313,6,20,0,1
"2017Tho028_2_1005",0,"2017Tho028_2","2017Tho028",1324,4,20,0,-1
"2017Tho028_2_1005",2,"2017Tho028_2","2017Tho028",1326,4,20,0,-1
"2017Tho028_2_1005",4,"2017Tho028_2","2017Tho028",1328,4,20,1,-0.333333333333333
"2017Tho028_2_1005",6,"2017Tho028_2","2017Tho028",1330,4,20,0,0.333333333333333
"2017Tho028_2_1005",8,"2017Tho028_2","2017Tho028",1332,4,20,0,1
"2017Tho028_2_1005",10,"2017Tho028_2","2017Tho028",1334,4,20,0,1
"2017Tho028_2_1008",0,"2017Tho028_2","2017Tho028",1345,1,20,0,-1
"2017Tho028_2_1008",2,"2017Tho028_2","2017Tho028",1347,1,20,0,-1
"2017Tho028_2_1008",4,"2017Tho028_2","2017Tho028",1349,1,20,0,-1
"2017Tho028_2_1008",6,"2017Tho028_2","2017Tho028",1351,1,20,0,-0.333333333333333
"2017Tho028_2_1008",8,"2017Tho028_2","2017Tho028",1353,1,20,0,0.333333333333333
"2017Tho028_2_1008",10,"2017Tho028_2","2017Tho028",1355,1,20,0,1
"2017Tho028_2_1009",0,"2017Tho028_2","2017Tho028",1366,0,20,1,-1
"2017Tho028_2_1009",2,"2017Tho028_2","2017Tho028",1368,0,20,0,-1
"2017Tho028_2_1009",4,"2017Tho028_2","2017Tho028",1370,0,20,0,-1
"2017Tho028_2_1009",6,"2017Tho028_2","2017Tho028",1372,0,20,0,-0.333333333333333
"2017Tho028_2_1009",8,"2017Tho028_2","2017Tho028",1374,0,20,0,0.333333333333333
"2017Tho028_2_1009",10,"2017Tho028_2","2017Tho028",1376,0,20,0,1
"2017Tho028_2_1012",0,"2017Tho028_2","2017Tho028",1387,9,20,0,-1
"2017Tho028_2_1012",2,"2017Tho028_2","2017Tho028",1389,9,20,0,-0.333333333333333
"2017Tho028_2_1012",4,"2017Tho028_2","2017Tho028",1391,9,20,0,-0.333333333333333
"2017Tho028_2_1012",6,"2017Tho028_2","2017Tho028",1393,9,20,0,-0.333333333333333
"2017Tho028_2_1012",8,"2017Tho028_2","2017Tho028",1395,9,20,0,0.333333333333333
"2017Tho028_2_1012",10,"2017Tho028_2","2017Tho028",1397,9,20,0,1
"2017Tho028_2_1013",0,"2017Tho028_2","2017Tho028",1408,0,20,1,-0.333333333333333
"2017Tho028_2_1013",2,"2017Tho028_2","2017Tho028",1410,0,20,0,-0.333333333333333
"2017Tho028_2_1013",4,"2017Tho028_2","2017Tho028",1412,0,20,0,0.333333333333333
"2017Tho028_2_1013",6,"2017Tho028_2","2017Tho028",1414,0,20,0,0.333333333333333
"2017Tho028_2_1013",8,"2017Tho028_2","2017Tho028",1416,0,20,0,1
"2017Tho028_2_1013",10,"2017Tho028_2","2017Tho028",1418,0,20,0,1
"2017Tho028_2_1017",0,"2017Tho028_2","2017Tho028",1429,10,20,0,-1
"2017Tho028_2_1017",2,"2017Tho028_2","2017Tho028",1431,10,20,0,-1
"2017Tho028_2_1017",4,"2017Tho028_2","2017Tho028",1433,10,20,0,-0.333333333333333
"2017Tho028_2_1017",6,"2017Tho028_2","2017Tho028",1435,10,20,0,-0.333333333333333
"2017Tho028_2_1017",8,"2017Tho028_2","2017Tho028",1437,10,20,0,0.333333333333333
"2017Tho028_2_1017",10,"2017Tho028_2","2017Tho028",1439,10,20,1,1
"2017Tho028_2_1019",0,"2017Tho028_2","2017Tho028",1450,0,20,1,-1
"2017Tho028_2_1019",2,"2017Tho028_2","2017Tho028",1452,0,20,0,-1
"2017Tho028_2_1019",4,"2017Tho028_2","2017Tho028",1454,0,20,0,-0.333333333333333
"2017Tho028_2_1019",6,"2017Tho028_2","2017Tho028",1456,0,20,0,-0.333333333333333
"2017Tho028_2_1019",8,"2017Tho028_2","2017Tho028",1458,0,20,0,0.333333333333333
"2017Tho028_2_1019",10,"2017Tho028_2","2017Tho028",1460,0,20,0,1
"2017Tho028_2_1026",0,"2017Tho028_2","2017Tho028",1471,1,20,0,-0.333333333333333
"2017Tho028_2_1026",2,"2017Tho028_2","2017Tho028",1473,1,20,0,-0.333333333333333
"2017Tho028_2_1026",4,"2017Tho028_2","2017Tho028",1475,1,20,0,-0.333333333333333
"2017Tho028_2_1026",6,"2017Tho028_2","2017Tho028",1477,1,20,0,0.333333333333333
"2017Tho028_2_1026",8,"2017Tho028_2","2017Tho028",1479,1,20,0,1
"2017Tho028_2_1026",10,"2017Tho028_2","2017Tho028",1481,1,20,0,1
"2017Tho028_2_1030",0,"2017Tho028_2","2017Tho028",1492,10,20,0,-1
"2017Tho028_2_1030",2,"2017Tho028_2","2017Tho028",1494,10,20,0,-1
"2017Tho028_2_1030",4,"2017Tho028_2","2017Tho028",1496,10,20,0,-1
"2017Tho028_2_1030",6,"2017Tho028_2","2017Tho028",1498,10,20,0,-0.333333333333333
"2017Tho028_2_1030",8,"2017Tho028_2","2017Tho028",1500,10,20,0,0.333333333333333
"2017Tho028_2_1030",10,"2017Tho028_2","2017Tho028",1502,10,20,1,1
"2017Tho028_2_1201",0,"2017Tho028_2","2017Tho028",1513,1,20,0,-0.333333333333333
"2017Tho028_2_1201",2,"2017Tho028_2","2017Tho028",1515,1,20,0,-0.333333333333333
"2017Tho028_2_1201",4,"2017Tho028_2","2017Tho028",1517,1,20,0,0.333333333333333
"2017Tho028_2_1201",6,"2017Tho028_2","2017Tho028",1519,1,20,0,1
"2017Tho028_2_1201",8,"2017Tho028_2","2017Tho028",1521,1,20,0,1
"2017Tho028_2_1201",10,"2017Tho028_2","2017Tho028",1523,1,20,0,1
"2017Tho028_2_1203",0,"2017Tho028_2","2017Tho028",1534,8,20,0,-1
"2017Tho028_2_1203",2,"2017Tho028_2","2017Tho028",1536,8,20,0,-0.333333333333333
"2017Tho028_2_1203",4,"2017Tho028_2","2017Tho028",1538,8,20,0,0.333333333333333
"2017Tho028_2_1203",6,"2017Tho028_2","2017Tho028",1540,8,20,0,0.333333333333333
"2017Tho028_2_1203",8,"2017Tho028_2","2017Tho028",1542,8,20,1,1
"2017Tho028_2_1203",10,"2017Tho028_2","2017Tho028",1544,8,20,0,1
"2017Tho028_2_1206",0,"2017Tho028_2","2017Tho028",1555,0,20,1,-0.333333333333333
"2017Tho028_2_1206",2,"2017Tho028_2","2017Tho028",1557,0,20,0,0.333333333333333
"2017Tho028_2_1206",4,"2017Tho028_2","2017Tho028",1559,0,20,0,1
"2017Tho028_2_1206",6,"2017Tho028_2","2017Tho028",1561,0,20,0,0.333333333333333
"2017Tho028_2_1206",8,"2017Tho028_2","2017Tho028",1563,0,20,0,-0.333333333333333
"2017Tho028_2_1206",10,"2017Tho028_2","2017Tho028",1565,0,20,0,-0.333333333333333
"2017Tho028_2_1208",0,"2017Tho028_2","2017Tho028",1576,6,20,0,-1
"2017Tho028_2_1208",2,"2017Tho028_2","2017Tho028",1578,6,20,0,-1
"2017Tho028_2_1208",4,"2017Tho028_2","2017Tho028",1580,6,20,0,-0.333333333333333
"2017Tho028_2_1208",6,"2017Tho028_2","2017Tho028",1582,6,20,1,0.333333333333333
"2017Tho028_2_1208",8,"2017Tho028_2","2017Tho028",1584,6,20,0,1
"2017Tho028_2_1208",10,"2017Tho028_2","2017Tho028",1586,6,20,0,1
"2017Tho028_2_1212",0,"2017Tho028_2","2017Tho028",1597,5,20,0,-1
"2017Tho028_2_1212",2,"2017Tho028_2","2017Tho028",1599,5,20,0,-1
"2017Tho028_2_1212",4,"2017Tho028_2","2017Tho028",1601,5,20,0,-1
"2017Tho028_2_1212",6,"2017Tho028_2","2017Tho028",1603,5,20,0,-0.333333333333333
"2017Tho028_2_1212",8,"2017Tho028_2","2017Tho028",1605,5,20,0,0.333333333333333
"2017Tho028_2_1212",10,"2017Tho028_2","2017Tho028",1607,5,20,0,1
"2017Tho028_2_1216",0,"2017Tho028_2","2017Tho028",1618,8,20,0,-1
"2017Tho028_2_1216",2,"2017Tho028_2","2017Tho028",1620,8,20,0,-1
"2017Tho028_2_1216",4,"2017Tho028_2","2017Tho028",1622,8,20,0,-0.333333333333333
"2017Tho028_2_1216",6,"2017Tho028_2","2017Tho028",1624,8,20,0,0.333333333333333
"2017Tho028_2_1216",8,"2017Tho028_2","2017Tho028",1626,8,20,1,1
"2017Tho028_2_1216",10,"2017Tho028_2","2017Tho028",1628,8,20,0,1
"2017Tho028_2_1218",0,"2017Tho028_2","2017Tho028",1639,7,20,0,-1
"2017Tho028_2_1218",2,"2017Tho028_2","2017Tho028",1641,7,20,0,-1
"2017Tho028_2_1218",4,"2017Tho028_2","2017Tho028",1643,7,20,0,-1
"2017Tho028_2_1218",6,"2017Tho028_2","2017Tho028",1645,7,20,0,-0.333333333333333
"2017Tho028_2_1218",8,"2017Tho028_2","2017Tho028",1647,7,20,0,0.333333333333333
"2017Tho028_2_1218",10,"2017Tho028_2","2017Tho028",1649,7,20,0,1
"2017Tho028_2_1226",0,"2017Tho028_2","2017Tho028",1660,5,20,0,-1
"2017Tho028_2_1226",2,"2017Tho028_2","2017Tho028",1662,5,20,0,-1
"2017Tho028_2_1226",4,"2017Tho028_2","2017Tho028",1664,5,20,0,-1
"2017Tho028_2_1226",6,"2017Tho028_2","2017Tho028",1666,5,20,0,-1
"2017Tho028_2_1226",8,"2017Tho028_2","2017Tho028",1668,5,20,0,0.333333333333333
"2017Tho028_2_1226",10,"2017Tho028_2","2017Tho028",1670,5,20,0,1
"2017Tho028_2_1230",0,"2017Tho028_2","2017Tho028",1681,0,20,1,-0.333333333333333
"2017Tho028_2_1230",2,"2017Tho028_2","2017Tho028",1683,0,20,0,-0.333333333333333
"2017Tho028_2_1230",4,"2017Tho028_2","2017Tho028",1685,0,20,0,0.333333333333333
"2017Tho028_2_1230",6,"2017Tho028_2","2017Tho028",1687,0,20,0,0.333333333333333
"2017Tho028_2_1230",8,"2017Tho028_2","2017Tho028",1689,0,20,0,0.333333333333333
"2017Tho028_2_1230",10,"2017Tho028_2","2017Tho028",1691,0,20,0,1
"2017Tho028_2_1302",0,"2017Tho028_2","2017Tho028",1702,6,20,0,-1
"2017Tho028_2_1302",2,"2017Tho028_2","2017Tho028",1704,6,20,0,-1
"2017Tho028_2_1302",4,"2017Tho028_2","2017Tho028",1706,6,20,0,-0.333333333333333
"2017Tho028_2_1302",6,"2017Tho028_2","2017Tho028",1708,6,20,1,0.333333333333333
"2017Tho028_2_1302",8,"2017Tho028_2","2017Tho028",1710,6,20,0,1
"2017Tho028_2_1302",10,"2017Tho028_2","2017Tho028",1712,6,20,0,1
"2017Tho028_2_1307",0,"2017Tho028_2","2017Tho028",1723,5,20,0,0.333333333333333
"2017Tho028_2_1307",2,"2017Tho028_2","2017Tho028",1725,5,20,0,0.333333333333333
"2017Tho028_2_1307",4,"2017Tho028_2","2017Tho028",1727,5,20,0,0.333333333333333
"2017Tho028_2_1307",6,"2017Tho028_2","2017Tho028",1729,5,20,0,0.333333333333333
"2017Tho028_2_1307",8,"2017Tho028_2","2017Tho028",1731,5,20,0,0.333333333333333
"2017Tho028_2_1307",10,"2017Tho028_2","2017Tho028",1733,5,20,0,0.333333333333333
"2017Tho028_2_1308",0,"2017Tho028_2","2017Tho028",1744,8,20,0,-1
"2017Tho028_2_1308",2,"2017Tho028_2","2017Tho028",1746,8,20,0,-1
"2017Tho028_2_1308",4,"2017Tho028_2","2017Tho028",1748,8,20,0,-1
"2017Tho028_2_1308",6,"2017Tho028_2","2017Tho028",1750,8,20,0,-0.333333333333333
"2017Tho028_2_1308",8,"2017Tho028_2","2017Tho028",1752,8,20,1,0.333333333333333
"2017Tho028_2_1308",10,"2017Tho028_2","2017Tho028",1754,8,20,0,1
"2017Tho028_2_1311",0,"2017Tho028_2","2017Tho028",1765,0,20,1,-1
"2017Tho028_2_1311",2,"2017Tho028_2","2017Tho028",1767,0,20,0,-1
"2017Tho028_2_1311",4,"2017Tho028_2","2017Tho028",1769,0,20,0,-1
"2017Tho028_2_1311",6,"2017Tho028_2","2017Tho028",1771,0,20,0,-0.333333333333333
"2017Tho028_2_1311",8,"2017Tho028_2","2017Tho028",1773,0,20,0,0.333333333333333
"2017Tho028_2_1311",10,"2017Tho028_2","2017Tho028",1775,0,20,0,1
"2017Tho028_2_1312",0,"2017Tho028_2","2017Tho028",1786,6,20,0,-1
"2017Tho028_2_1312",2,"2017Tho028_2","2017Tho028",1788,6,20,0,-1
"2017Tho028_2_1312",4,"2017Tho028_2","2017Tho028",1790,6,20,0,-1
"2017Tho028_2_1312",6,"2017Tho028_2","2017Tho028",1792,6,20,1,-0.333333333333333
"2017Tho028_2_1312",8,"2017Tho028_2","2017Tho028",1794,6,20,0,0.333333333333333
"2017Tho028_2_1312",10,"2017Tho028_2","2017Tho028",1796,6,20,0,1
"2017Tho028_2_1313",0,"2017Tho028_2","2017Tho028",1807,0,20,1,-1
"2017Tho028_2_1313",2,"2017Tho028_2","2017Tho028",1809,0,20,0,-0.333333333333333
"2017Tho028_2_1313",4,"2017Tho028_2","2017Tho028",1811,0,20,0,0.333333333333333
"2017Tho028_2_1313",6,"2017Tho028_2","2017Tho028",1813,0,20,0,0.333333333333333
"2017Tho028_2_1313",8,"2017Tho028_2","2017Tho028",1815,0,20,0,1
"2017Tho028_2_1313",10,"2017Tho028_2","2017Tho028",1817,0,20,0,1
"2017Tho028_2_1317",0,"2017Tho028_2","2017Tho028",1828,0,20,1,-1
"2017Tho028_2_1317",2,"2017Tho028_2","2017Tho028",1830,0,20,0,-1
"2017Tho028_2_1317",4,"2017Tho028_2","2017Tho028",1832,0,20,0,-1
"2017Tho028_2_1317",6,"2017Tho028_2","2017Tho028",1834,0,20,0,-0.333333333333333
"2017Tho028_2_1317",8,"2017Tho028_2","2017Tho028",1836,0,20,0,0.333333333333333
"2017Tho028_2_1317",10,"2017Tho028_2","2017Tho028",1838,0,20,0,1
"2017Tho028_2_1322",0,"2017Tho028_2","2017Tho028",1849,5,20,0,-0.333333333333333
"2017Tho028_2_1322",2,"2017Tho028_2","2017Tho028",1851,5,20,0,-0.333333333333333
"2017Tho028_2_1322",4,"2017Tho028_2","2017Tho028",1853,5,20,0,0.333333333333333
"2017Tho028_2_1322",6,"2017Tho028_2","2017Tho028",1855,5,20,0,0.333333333333333
"2017Tho028_2_1322",8,"2017Tho028_2","2017Tho028",1857,5,20,0,1
"2017Tho028_2_1322",10,"2017Tho028_2","2017Tho028",1859,5,20,0,1
"2017Tho028_2_1331",0,"2017Tho028_2","2017Tho028",1870,8,20,0,-1
"2017Tho028_2_1331",2,"2017Tho028_2","2017Tho028",1872,8,20,0,-1
"2017Tho028_2_1331",4,"2017Tho028_2","2017Tho028",1874,8,20,0,-0.333333333333333
"2017Tho028_2_1331",6,"2017Tho028_2","2017Tho028",1876,8,20,0,0.333333333333333
"2017Tho028_2_1331",8,"2017Tho028_2","2017Tho028",1878,8,20,1,0.333333333333333
"2017Tho028_2_1331",10,"2017Tho028_2","2017Tho028",1880,8,20,0,1
"2017Tho028_2_303",0,"2017Tho028_2","2017Tho028",1,5,20,0,-1
"2017Tho028_2_303",2,"2017Tho028_2","2017Tho028",3,5,20,0,-1
"2017Tho028_2_303",4,"2017Tho028_2","2017Tho028",5,5,20,0,-1
"2017Tho028_2_303",6,"2017Tho028_2","2017Tho028",7,5,20,0,-0.333333333333333
"2017Tho028_2_303",8,"2017Tho028_2","2017Tho028",9,5,20,0,0.333333333333333
"2017Tho028_2_303",10,"2017Tho028_2","2017Tho028",11,5,20,0,1
"2017Tho028_2_304",0,"2017Tho028_2","2017Tho028",22,2,20,0,-1
"2017Tho028_2_304",2,"2017Tho028_2","2017Tho028",24,2,20,1,0.333333333333333
"2017Tho028_2_304",4,"2017Tho028_2","2017Tho028",26,2,20,0,0.333333333333333
"2017Tho028_2_304",6,"2017Tho028_2","2017Tho028",28,2,20,0,1
"2017Tho028_2_304",8,"2017Tho028_2","2017Tho028",30,2,20,0,0.333333333333333
"2017Tho028_2_304",10,"2017Tho028_2","2017Tho028",32,2,20,0,-0.333333333333333
"2017Tho028_2_312",0,"2017Tho028_2","2017Tho028",43,8,20,0,-1
"2017Tho028_2_312",2,"2017Tho028_2","2017Tho028",45,8,20,0,-1
"2017Tho028_2_312",4,"2017Tho028_2","2017Tho028",47,8,20,0,-1
"2017Tho028_2_312",6,"2017Tho028_2","2017Tho028",49,8,20,0,-1
"2017Tho028_2_312",8,"2017Tho028_2","2017Tho028",51,8,20,1,-0.333333333333333
"2017Tho028_2_312",10,"2017Tho028_2","2017Tho028",53,8,20,0,1
"2017Tho028_2_314",0,"2017Tho028_2","2017Tho028",64,0,20,1,-1
"2017Tho028_2_314",2,"2017Tho028_2","2017Tho028",66,0,20,0,-1
"2017Tho028_2_314",4,"2017Tho028_2","2017Tho028",68,0,20,0,-0.333333333333333
"2017Tho028_2_314",6,"2017Tho028_2","2017Tho028",70,0,20,0,0.333333333333333
"2017Tho028_2_314",8,"2017Tho028_2","2017Tho028",72,0,20,0,1
"2017Tho028_2_314",10,"2017Tho028_2","2017Tho028",74,0,20,0,1
"2017Tho028_2_315",0,"2017Tho028_2","2017Tho028",85,10,20,0,-1
"2017Tho028_2_315",2,"2017Tho028_2","2017Tho028",87,10,20,0,-0.333333333333333
"2017Tho028_2_315",4,"2017Tho028_2","2017Tho028",89,10,20,0,-0.333333333333333
"2017Tho028_2_315",6,"2017Tho028_2","2017Tho028",91,10,20,0,-0.333333333333333
"2017Tho028_2_315",8,"2017Tho028_2","2017Tho028",93,10,20,0,0.333333333333333
"2017Tho028_2_315",10,"2017Tho028_2","2017Tho028",95,10,20,1,1
"2017Tho028_2_320",0,"2017Tho028_2","2017Tho028",106,4,20,0,-1
"2017Tho028_2_320",2,"2017Tho028_2","2017Tho028",108,4,20,0,-1
"2017Tho028_2_320",4,"2017Tho028_2","2017Tho028",110,4,20,1,-0.333333333333333
"2017Tho028_2_320",6,"2017Tho028_2","2017Tho028",112,4,20,0,0.333333333333333
"2017Tho028_2_320",8,"2017Tho028_2","2017Tho028",114,4,20,0,0.333333333333333
"2017Tho028_2_320",10,"2017Tho028_2","2017Tho028",116,4,20,0,1
"2017Tho028_2_321",0,"2017Tho028_2","2017Tho028",127,10,20,0,-1
"2017Tho028_2_321",2,"2017Tho028_2","2017Tho028",129,10,20,0,-1
"2017Tho028_2_321",4,"2017Tho028_2","2017Tho028",131,10,20,0,-1
"2017Tho028_2_321",6,"2017Tho028_2","2017Tho028",133,10,20,0,-0.333333333333333
"2017Tho028_2_321",8,"2017Tho028_2","2017Tho028",135,10,20,0,0.333333333333333
"2017Tho028_2_321",10,"2017Tho028_2","2017Tho028",137,10,20,1,1
"2017Tho028_2_322",0,"2017Tho028_2","2017Tho028",148,8,20,0,-1
"2017Tho028_2_322",2,"2017Tho028_2","2017Tho028",150,8,20,0,-1
"2017Tho028_2_322",4,"2017Tho028_2","2017Tho028",152,8,20,0,-1
"2017Tho028_2_322",6,"2017Tho028_2","2017Tho028",154,8,20,0,-0.333333333333333
"2017Tho028_2_322",8,"2017Tho028_2","2017Tho028",156,8,20,1,0.333333333333333
"2017Tho028_2_322",10,"2017Tho028_2","2017Tho028",158,8,20,0,1
"2017Tho028_2_323",0,"2017Tho028_2","2017Tho028",169,8,20,0,-1
"2017Tho028_2_323",2,"2017Tho028_2","2017Tho028",171,8,20,0,-0.333333333333333
"2017Tho028_2_323",4,"2017Tho028_2","2017Tho028",173,8,20,0,-0.333333333333333
"2017Tho028_2_323",6,"2017Tho028_2","2017Tho028",175,8,20,0,0.333333333333333
"2017Tho028_2_323",8,"2017Tho028_2","2017Tho028",177,8,20,1,0.333333333333333
"2017Tho028_2_323",10,"2017Tho028_2","2017Tho028",179,8,20,0,1
"2017Tho028_2_324",0,"2017Tho028_2","2017Tho028",190,8,20,0,-1
"2017Tho028_2_324",2,"2017Tho028_2","2017Tho028",192,8,20,0,-1
"2017Tho028_2_324",4,"2017Tho028_2","2017Tho028",194,8,20,0,-0.333333333333333
"2017Tho028_2_324",6,"2017Tho028_2","2017Tho028",196,8,20,0,0.333333333333333
"2017Tho028_2_324",8,"2017Tho028_2","2017Tho028",198,8,20,1,1
"2017Tho028_2_324",10,"2017Tho028_2","2017Tho028",200,8,20,0,1
"2017Tho028_2_326",0,"2017Tho028_2","2017Tho028",211,1,20,0,-1
"2017Tho028_2_326",2,"2017Tho028_2","2017Tho028",213,1,20,0,-0.333333333333333
"2017Tho028_2_326",4,"2017Tho028_2","2017Tho028",215,1,20,0,-0.333333333333333
"2017Tho028_2_326",6,"2017Tho028_2","2017Tho028",217,1,20,0,0.333333333333333
"2017Tho028_2_326",8,"2017Tho028_2","2017Tho028",219,1,20,0,0.333333333333333
"2017Tho028_2_326",10,"2017Tho028_2","2017Tho028",221,1,20,0,1
"2017Tho028_2_401",0,"2017Tho028_2","2017Tho028",232,0,20,1,-1
"2017Tho028_2_401",2,"2017Tho028_2","2017Tho028",234,0,20,0,-0.333333333333333
"2017Tho028_2_401",4,"2017Tho028_2","2017Tho028",236,0,20,0,-0.333333333333333
"2017Tho028_2_401",6,"2017Tho028_2","2017Tho028",238,0,20,0,0.333333333333333
"2017Tho028_2_401",8,"2017Tho028_2","2017Tho028",240,0,20,0,0.333333333333333
"2017Tho028_2_401",10,"2017Tho028_2","2017Tho028",242,0,20,0,1
"2017Tho028_2_410",0,"2017Tho028_2","2017Tho028",253,8,20,0,-1
"2017Tho028_2_410",2,"2017Tho028_2","2017Tho028",255,8,20,0,-1
"2017Tho028_2_410",4,"2017Tho028_2","2017Tho028",257,8,20,0,-1
"2017Tho028_2_410",6,"2017Tho028_2","2017Tho028",259,8,20,0,-1
"2017Tho028_2_410",8,"2017Tho028_2","2017Tho028",261,8,20,1,-0.333333333333333
"2017Tho028_2_410",10,"2017Tho028_2","2017Tho028",263,8,20,0,1
"2017Tho028_2_413",0,"2017Tho028_2","2017Tho028",274,0,20,1,-1
"2017Tho028_2_413",2,"2017Tho028_2","2017Tho028",276,0,20,0,-0.333333333333333
"2017Tho028_2_413",4,"2017Tho028_2","2017Tho028",278,0,20,0,-0.333333333333333
"2017Tho028_2_413",6,"2017Tho028_2","2017Tho028",280,0,20,0,0.333333333333333
"2017Tho028_2_413",8,"2017Tho028_2","2017Tho028",282,0,20,0,0.333333333333333
"2017Tho028_2_413",10,"2017Tho028_2","2017Tho028",284,0,20,0,1
"2017Tho028_2_415",0,"2017Tho028_2","2017Tho028",295,1,20,0,-1
"2017Tho028_2_415",2,"2017Tho028_2","2017Tho028",297,1,20,0,-1
"2017Tho028_2_415",4,"2017Tho028_2","2017Tho028",299,1,20,0,-1
"2017Tho028_2_415",6,"2017Tho028_2","2017Tho028",301,1,20,0,-0.333333333333333
"2017Tho028_2_415",8,"2017Tho028_2","2017Tho028",303,1,20,0,0.333333333333333
"2017Tho028_2_415",10,"2017Tho028_2","2017Tho028",305,1,20,0,1
"2017Tho028_2_416",0,"2017Tho028_2","2017Tho028",316,1,20,0,-1
"2017Tho028_2_416",2,"2017Tho028_2","2017Tho028",318,1,20,0,-0.333333333333333
"2017Tho028_2_416",4,"2017Tho028_2","2017Tho028",320,1,20,0,-0.333333333333333
"2017Tho028_2_416",6,"2017Tho028_2","2017Tho028",322,1,20,0,0.333333333333333
"2017Tho028_2_416",8,"2017Tho028_2","2017Tho028",324,1,20,0,0.333333333333333
"2017Tho028_2_416",10,"2017Tho028_2","2017Tho028",326,1,20,0,1
"2017Tho028_2_418",0,"2017Tho028_2","2017Tho028",337,0,20,1,-1
"2017Tho028_2_418",2,"2017Tho028_2","2017Tho028",339,0,20,0,-1
"2017Tho028_2_418",4,"2017Tho028_2","2017Tho028",341,0,20,0,-0.333333333333333
"2017Tho028_2_418",6,"2017Tho028_2","2017Tho028",343,0,20,0,-0.333333333333333
"2017Tho028_2_418",8,"2017Tho028_2","2017Tho028",345,0,20,0,0.333333333333333
"2017Tho028_2_418",10,"2017Tho028_2","2017Tho028",347,0,20,0,1
"2017Tho028_2_419",0,"2017Tho028_2","2017Tho028",358,0,20,1,-0.333333333333333
"2017Tho028_2_419",2,"2017Tho028_2","2017Tho028",360,0,20,0,1
"2017Tho028_2_419",4,"2017Tho028_2","2017Tho028",362,0,20,0,1
"2017Tho028_2_419",6,"2017Tho028_2","2017Tho028",364,0,20,0,1
"2017Tho028_2_419",8,"2017Tho028_2","2017Tho028",366,0,20,0,1
"2017Tho028_2_419",10,"2017Tho028_2","2017Tho028",368,0,20,0,1
"2017Tho028_2_420",0,"2017Tho028_2","2017Tho028",379,0,20,1,0.333333333333333
"2017Tho028_2_420",2,"2017Tho028_2","2017Tho028",381,0,20,0,0.333333333333333
"2017Tho028_2_420",4,"2017Tho028_2","2017Tho028",383,0,20,0,0.333333333333333
"2017Tho028_2_420",6,"2017Tho028_2","2017Tho028",385,0,20,0,0.333333333333333
"2017Tho028_2_420",8,"2017Tho028_2","2017Tho028",387,0,20,0,0.333333333333333
"2017Tho028_2_420",10,"2017Tho028_2","2017Tho028",389,0,20,0,0.333333333333333
"2017Tho028_2_421",0,"2017Tho028_2","2017Tho028",400,8,20,0,-0.333333333333333
"2017Tho028_2_421",2,"2017Tho028_2","2017Tho028",402,8,20,0,-0.333333333333333
"2017Tho028_2_421",4,"2017Tho028_2","2017Tho028",404,8,20,0,-0.333333333333333
"2017Tho028_2_421",6,"2017Tho028_2","2017Tho028",406,8,20,0,0.333333333333333
"2017Tho028_2_421",8,"2017Tho028_2","2017Tho028",408,8,20,1,0.333333333333333
"2017Tho028_2_421",10,"2017Tho028_2","2017Tho028",410,8,20,0,0.333333333333333
"2017Tho028_2_422",0,"2017Tho028_2","2017Tho028",421,0,20,1,-1
"2017Tho028_2_422",2,"2017Tho028_2","2017Tho028",423,0,20,0,-0.333333333333333
"2017Tho028_2_422",4,"2017Tho028_2","2017Tho028",425,0,20,0,-0.333333333333333
"2017Tho028_2_422",6,"2017Tho028_2","2017Tho028",427,0,20,0,0.333333333333333
"2017Tho028_2_422",8,"2017Tho028_2","2017Tho028",429,0,20,0,0.333333333333333
"2017Tho028_2_422",10,"2017Tho028_2","2017Tho028",431,0,20,0,1
"2017Tho028_2_424",0,"2017Tho028_2","2017Tho028",442,0,20,1,0.333333333333333
"2017Tho028_2_424",2,"2017Tho028_2","2017Tho028",444,0,20,0,1
"2017Tho028_2_424",4,"2017Tho028_2","2017Tho028",446,0,20,0,1
"2017Tho028_2_424",6,"2017Tho028_2","2017Tho028",448,0,20,0,1
"2017Tho028_2_424",8,"2017Tho028_2","2017Tho028",450,0,20,0,1
"2017Tho028_2_424",10,"2017Tho028_2","2017Tho028",452,0,20,0,1
"2017Tho028_2_425",0,"2017Tho028_2","2017Tho028",463,1,20,0,-1
"2017Tho028_2_425",2,"2017Tho028_2","2017Tho028",465,1,20,0,-0.333333333333333
"2017Tho028_2_425",4,"2017Tho028_2","2017Tho028",467,1,20,0,0.333333333333333
"2017Tho028_2_425",6,"2017Tho028_2","2017Tho028",469,1,20,0,0.333333333333333
"2017Tho028_2_425",8,"2017Tho028_2","2017Tho028",471,1,20,0,1
"2017Tho028_2_425",10,"2017Tho028_2","2017Tho028",473,1,20,0,1
"2017Tho028_2_427",0,"2017Tho028_2","2017Tho028",484,5,20,0,-1
"2017Tho028_2_427",2,"2017Tho028_2","2017Tho028",486,5,20,0,-1
"2017Tho028_2_427",4,"2017Tho028_2","2017Tho028",488,5,20,0,-0.333333333333333
"2017Tho028_2_427",6,"2017Tho028_2","2017Tho028",490,5,20,0,0.333333333333333
"2017Tho028_2_427",8,"2017Tho028_2","2017Tho028",492,5,20,0,0.333333333333333
"2017Tho028_2_427",10,"2017Tho028_2","2017Tho028",494,5,20,0,1
"2017Tho028_2_428",0,"2017Tho028_2","2017Tho028",505,5,20,0,-1
"2017Tho028_2_428",2,"2017Tho028_2","2017Tho028",507,5,20,0,-0.333333333333333
"2017Tho028_2_428",4,"2017Tho028_2","2017Tho028",509,5,20,0,0.333333333333333
"2017Tho028_2_428",6,"2017Tho028_2","2017Tho028",511,5,20,0,0.333333333333333
"2017Tho028_2_428",8,"2017Tho028_2","2017Tho028",513,5,20,0,0.333333333333333
"2017Tho028_2_428",10,"2017Tho028_2","2017Tho028",515,5,20,0,1
"2017Tho028_2_502",0,"2017Tho028_2","2017Tho028",526,5,20,0,-1
"2017Tho028_2_502",2,"2017Tho028_2","2017Tho028",528,5,20,0,-0.333333333333333
"2017Tho028_2_502",4,"2017Tho028_2","2017Tho028",530,5,20,0,-0.333333333333333
"2017Tho028_2_502",6,"2017Tho028_2","2017Tho028",532,5,20,0,0.333333333333333
"2017Tho028_2_502",8,"2017Tho028_2","2017Tho028",534,5,20,0,0.333333333333333
"2017Tho028_2_502",10,"2017Tho028_2","2017Tho028",536,5,20,0,1
"2017Tho028_2_503",0,"2017Tho028_2","2017Tho028",547,0,20,1,-1
"2017Tho028_2_503",2,"2017Tho028_2","2017Tho028",549,0,20,0,-0.333333333333333
"2017Tho028_2_503",4,"2017Tho028_2","2017Tho028",551,0,20,0,-0.333333333333333
"2017Tho028_2_503",6,"2017Tho028_2","2017Tho028",553,0,20,0,-0.333333333333333
"2017Tho028_2_503",8,"2017Tho028_2","2017Tho028",555,0,20,0,0.333333333333333
"2017Tho028_2_503",10,"2017Tho028_2","2017Tho028",557,0,20,0,1
"2017Tho028_2_504",0,"2017Tho028_2","2017Tho028",568,2,20,0,-0.333333333333333
"2017Tho028_2_504",2,"2017Tho028_2","2017Tho028",570,2,20,1,0.333333333333333
"2017Tho028_2_504",4,"2017Tho028_2","2017Tho028",572,2,20,0,0.333333333333333
"2017Tho028_2_504",6,"2017Tho028_2","2017Tho028",574,2,20,0,1
"2017Tho028_2_504",8,"2017Tho028_2","2017Tho028",576,2,20,0,1
"2017Tho028_2_504",10,"2017Tho028_2","2017Tho028",578,2,20,0,1
"2017Tho028_2_506",0,"2017Tho028_2","2017Tho028",589,0,20,1,-0.333333333333333
"2017Tho028_2_506",2,"2017Tho028_2","2017Tho028",591,0,20,0,-0.333333333333333
"2017Tho028_2_506",4,"2017Tho028_2","2017Tho028",593,0,20,0,-0.333333333333333
"2017Tho028_2_506",6,"2017Tho028_2","2017Tho028",595,0,20,0,0.333333333333333
"2017Tho028_2_506",8,"2017Tho028_2","2017Tho028",597,0,20,0,1
"2017Tho028_2_506",10,"2017Tho028_2","2017Tho028",599,0,20,0,1
"2017Tho028_2_508",0,"2017Tho028_2","2017Tho028",610,0,20,1,-1
"2017Tho028_2_508",2,"2017Tho028_2","2017Tho028",612,0,20,0,-0.333333333333333
"2017Tho028_2_508",4,"2017Tho028_2","2017Tho028",614,0,20,0,-0.333333333333333
"2017Tho028_2_508",6,"2017Tho028_2","2017Tho028",616,0,20,0,0.333333333333333
"2017Tho028_2_508",8,"2017Tho028_2","2017Tho028",618,0,20,0,0.333333333333333
"2017Tho028_2_508",10,"2017Tho028_2","2017Tho028",620,0,20,0,1
"2017Tho028_2_509",0,"2017Tho028_2","2017Tho028",631,9,20,0,-1
"2017Tho028_2_509",2,"2017Tho028_2","2017Tho028",633,9,20,0,-1
"2017Tho028_2_509",4,"2017Tho028_2","2017Tho028",635,9,20,0,-0.333333333333333
"2017Tho028_2_509",6,"2017Tho028_2","2017Tho028",637,9,20,0,0.333333333333333
"2017Tho028_2_509",8,"2017Tho028_2","2017Tho028",639,9,20,0,1
"2017Tho028_2_509",10,"2017Tho028_2","2017Tho028",641,9,20,0,1
"2017Tho028_2_520",0,"2017Tho028_2","2017Tho028",652,6,20,0,-1
"2017Tho028_2_520",2,"2017Tho028_2","2017Tho028",654,6,20,0,-1
"2017Tho028_2_520",4,"2017Tho028_2","2017Tho028",656,6,20,0,-0.333333333333333
"2017Tho028_2_520",6,"2017Tho028_2","2017Tho028",658,6,20,1,-0.333333333333333
"2017Tho028_2_520",8,"2017Tho028_2","2017Tho028",660,6,20,0,0.333333333333333
"2017Tho028_2_520",10,"2017Tho028_2","2017Tho028",662,6,20,0,1
"2017Tho028_2_602",0,"2017Tho028_2","2017Tho028",673,8,20,0,-1
"2017Tho028_2_602",2,"2017Tho028_2","2017Tho028",675,8,20,0,-0.333333333333333
"2017Tho028_2_602",4,"2017Tho028_2","2017Tho028",677,8,20,0,-0.333333333333333
"2017Tho028_2_602",6,"2017Tho028_2","2017Tho028",679,8,20,0,0.333333333333333
"2017Tho028_2_602",8,"2017Tho028_2","2017Tho028",681,8,20,1,0.333333333333333
"2017Tho028_2_602",10,"2017Tho028_2","2017Tho028",683,8,20,0,1
"2017Tho028_2_607",0,"2017Tho028_2","2017Tho028",694,0,20,1,-1
"2017Tho028_2_607",2,"2017Tho028_2","2017Tho028",696,0,20,0,-1
"2017Tho028_2_607",4,"2017Tho028_2","2017Tho028",698,0,20,0,0.333333333333333
"2017Tho028_2_607",6,"2017Tho028_2","2017Tho028",700,0,20,0,0.333333333333333
"2017Tho028_2_607",8,"2017Tho028_2","2017Tho028",702,0,20,0,0.333333333333333
"2017Tho028_2_607",10,"2017Tho028_2","2017Tho028",704,0,20,0,1
"2017Tho028_2_608",0,"2017Tho028_2","2017Tho028",715,4,20,0,-1
"2017Tho028_2_608",2,"2017Tho028_2","2017Tho028",717,4,20,0,-1
"2017Tho028_2_608",4,"2017Tho028_2","2017Tho028",719,4,20,1,-1
"2017Tho028_2_608",6,"2017Tho028_2","2017Tho028",721,4,20,0,-0.333333333333333
"2017Tho028_2_608",8,"2017Tho028_2","2017Tho028",723,4,20,0,0.333333333333333
"2017Tho028_2_608",10,"2017Tho028_2","2017Tho028",725,4,20,0,1
"2017Tho028_2_615",0,"2017Tho028_2","2017Tho028",736,0,20,1,-1
"2017Tho028_2_615",2,"2017Tho028_2","2017Tho028",738,0,20,0,-1
"2017Tho028_2_615",4,"2017Tho028_2","2017Tho028",740,0,20,0,-0.333333333333333
"2017Tho028_2_615",6,"2017Tho028_2","2017Tho028",742,0,20,0,0.333333333333333
"2017Tho028_2_615",8,"2017Tho028_2","2017Tho028",744,0,20,0,0.333333333333333
"2017Tho028_2_615",10,"2017Tho028_2","2017Tho028",746,0,20,0,1
"2017Tho028_2_628",0,"2017Tho028_2","2017Tho028",757,4,20,0,-0.333333333333333
"2017Tho028_2_628",2,"2017Tho028_2","2017Tho028",759,4,20,0,-1
"2017Tho028_2_628",4,"2017Tho028_2","2017Tho028",761,4,20,1,-0.333333333333333
"2017Tho028_2_628",6,"2017Tho028_2","2017Tho028",763,4,20,0,0.333333333333333
"2017Tho028_2_628",8,"2017Tho028_2","2017Tho028",765,4,20,0,1
"2017Tho028_2_628",10,"2017Tho028_2","2017Tho028",767,4,20,0,1
"2017Tho028_2_629",0,"2017Tho028_2","2017Tho028",778,6,20,0,-1
"2017Tho028_2_629",2,"2017Tho028_2","2017Tho028",780,6,20,0,-0.333333333333333
"2017Tho028_2_629",4,"2017Tho028_2","2017Tho028",782,6,20,0,-0.333333333333333
"2017Tho028_2_629",6,"2017Tho028_2","2017Tho028",784,6,20,1,0.333333333333333
"2017Tho028_2_629",8,"2017Tho028_2","2017Tho028",786,6,20,0,0.333333333333333
"2017Tho028_2_629",10,"2017Tho028_2","2017Tho028",788,6,20,0,1
"2017Tho028_2_632",0,"2017Tho028_2","2017Tho028",799,1,20,0,-1
"2017Tho028_2_632",2,"2017Tho028_2","2017Tho028",801,1,20,0,-1
"2017Tho028_2_632",4,"2017Tho028_2","2017Tho028",803,1,20,0,-0.333333333333333
"2017Tho028_2_632",6,"2017Tho028_2","2017Tho028",805,1,20,0,0.333333333333333
"2017Tho028_2_632",8,"2017Tho028_2","2017Tho028",807,1,20,0,0.333333333333333
"2017Tho028_2_632",10,"2017Tho028_2","2017Tho028",809,1,20,0,1
"2017Tho028_2_803",0,"2017Tho028_2","2017Tho028",820,0,20,1,-1
"2017Tho028_2_803",2,"2017Tho028_2","2017Tho028",822,0,20,0,-1
"2017Tho028_2_803",4,"2017Tho028_2","2017Tho028",824,0,20,0,-0.333333333333333
"2017Tho028_2_803",6,"2017Tho028_2","2017Tho028",826,0,20,0,-0.333333333333333
"2017Tho028_2_803",8,"2017Tho028_2","2017Tho028",828,0,20,0,0.333333333333333
"2017Tho028_2_803",10,"2017Tho028_2","2017Tho028",830,0,20,0,1
"2017Tho028_2_806",0,"2017Tho028_2","2017Tho028",841,0,20,1,-1
"2017Tho028_2_806",2,"2017Tho028_2","2017Tho028",843,0,20,0,-1
"2017Tho028_2_806",4,"2017Tho028_2","2017Tho028",845,0,20,0,-0.333333333333333
"2017Tho028_2_806",6,"2017Tho028_2","2017Tho028",847,0,20,0,0.333333333333333
"2017Tho028_2_806",8,"2017Tho028_2","2017Tho028",849,0,20,0,1
"2017Tho028_2_806",10,"2017Tho028_2","2017Tho028",851,0,20,0,1
"2017Tho028_2_808",0,"2017Tho028_2","2017Tho028",862,0,20,1,-1
"2017Tho028_2_808",2,"2017Tho028_2","2017Tho028",864,0,20,0,-1
"2017Tho028_2_808",4,"2017Tho028_2","2017Tho028",866,0,20,0,-0.333333333333333
"2017Tho028_2_808",6,"2017Tho028_2","2017Tho028",868,0,20,0,0.333333333333333
"2017Tho028_2_808",8,"2017Tho028_2","2017Tho028",870,0,20,0,1
"2017Tho028_2_808",10,"2017Tho028_2","2017Tho028",872,0,20,0,1
"2017Tho028_2_815",0,"2017Tho028_2","2017Tho028",883,8,20,0,-1
"2017Tho028_2_815",2,"2017Tho028_2","2017Tho028",885,8,20,0,-1
"2017Tho028_2_815",4,"2017Tho028_2","2017Tho028",887,8,20,0,-1
"2017Tho028_2_815",6,"2017Tho028_2","2017Tho028",889,8,20,0,-0.333333333333333
"2017Tho028_2_815",8,"2017Tho028_2","2017Tho028",891,8,20,1,0.333333333333333
"2017Tho028_2_815",10,"2017Tho028_2","2017Tho028",893,8,20,0,1
"2017Tho028_2_817",0,"2017Tho028_2","2017Tho028",904,6,20,0,-0.333333333333333
"2017Tho028_2_817",2,"2017Tho028_2","2017Tho028",906,6,20,0,-0.333333333333333
"2017Tho028_2_817",4,"2017Tho028_2","2017Tho028",908,6,20,0,-0.333333333333333
"2017Tho028_2_817",6,"2017Tho028_2","2017Tho028",910,6,20,1,0.333333333333333
"2017Tho028_2_817",8,"2017Tho028_2","2017Tho028",912,6,20,0,0.333333333333333
"2017Tho028_2_817",10,"2017Tho028_2","2017Tho028",914,6,20,0,1
"2017Tho028_2_822",0,"2017Tho028_2","2017Tho028",925,1,20,0,0.333333333333333
"2017Tho028_2_822",2,"2017Tho028_2","2017Tho028",927,1,20,0,0.333333333333333
"2017Tho028_2_822",4,"2017Tho028_2","2017Tho028",929,1,20,0,0.333333333333333
"2017Tho028_2_822",6,"2017Tho028_2","2017Tho028",931,1,20,0,1
"2017Tho028_2_822",8,"2017Tho028_2","2017Tho028",933,1,20,0,1
"2017Tho028_2_822",10,"2017Tho028_2","2017Tho028",935,1,20,0,1
"2017Tho028_2_823",0,"2017Tho028_2","2017Tho028",946,0,20,1,-1
"2017Tho028_2_823",2,"2017Tho028_2","2017Tho028",948,0,20,0,-1
"2017Tho028_2_823",4,"2017Tho028_2","2017Tho028",950,0,20,0,-0.333333333333333
"2017Tho028_2_823",6,"2017Tho028_2","2017Tho028",952,0,20,0,0.333333333333333
"2017Tho028_2_823",8,"2017Tho028_2","2017Tho028",954,0,20,0,0.333333333333333
"2017Tho028_2_823",10,"2017Tho028_2","2017Tho028",956,0,20,0,1
"2017Tho028_2_824",0,"2017Tho028_2","2017Tho028",967,0,20,1,-0.333333333333333
"2017Tho028_2_824",2,"2017Tho028_2","2017Tho028",969,0,20,0,0.333333333333333
"2017Tho028_2_824",4,"2017Tho028_2","2017Tho028",971,0,20,0,0.333333333333333
"2017Tho028_2_824",6,"2017Tho028_2","2017Tho028",973,0,20,0,0.333333333333333
"2017Tho028_2_824",8,"2017Tho028_2","2017Tho028",975,0,20,0,1
"2017Tho028_2_824",10,"2017Tho028_2","2017Tho028",977,0,20,0,1
"2017Tho028_2_825",0,"2017Tho028_2","2017Tho028",988,8,20,0,-1
"2017Tho028_2_825",2,"2017Tho028_2","2017Tho028",990,8,20,0,-1
"2017Tho028_2_825",4,"2017Tho028_2","2017Tho028",992,8,20,0,-0.333333333333333
"2017Tho028_2_825",6,"2017Tho028_2","2017Tho028",994,8,20,0,0.333333333333333
"2017Tho028_2_825",8,"2017Tho028_2","2017Tho028",996,8,20,1,0.333333333333333
"2017Tho028_2_825",10,"2017Tho028_2","2017Tho028",998,8,20,0,1
"2017Tho028_2_901",0,"2017Tho028_2","2017Tho028",1009,0,20,1,-1
"2017Tho028_2_901",2,"2017Tho028_2","2017Tho028",1011,0,20,0,-1
"2017Tho028_2_901",4,"2017Tho028_2","2017Tho028",1013,0,20,0,-0.333333333333333
"2017Tho028_2_901",6,"2017Tho028_2","2017Tho028",1015,0,20,0,0.333333333333333
"2017Tho028_2_901",8,"2017Tho028_2","2017Tho028",1017,0,20,0,1
"2017Tho028_2_901",10,"2017Tho028_2","2017Tho028",1019,0,20,0,1
"2017Tho028_2_904",0,"2017Tho028_2","2017Tho028",1030,4,20,0,-0.333333333333333
"2017Tho028_2_904",2,"2017Tho028_2","2017Tho028",1032,4,20,0,-0.333333333333333
"2017Tho028_2_904",4,"2017Tho028_2","2017Tho028",1034,4,20,1,0.333333333333333
"2017Tho028_2_904",6,"2017Tho028_2","2017Tho028",1036,4,20,0,0.333333333333333
"2017Tho028_2_904",8,"2017Tho028_2","2017Tho028",1038,4,20,0,1
"2017Tho028_2_904",10,"2017Tho028_2","2017Tho028",1040,4,20,0,1
"2017Tho028_2_905",0,"2017Tho028_2","2017Tho028",1051,5,20,0,-1
"2017Tho028_2_905",2,"2017Tho028_2","2017Tho028",1053,5,20,0,-1
"2017Tho028_2_905",4,"2017Tho028_2","2017Tho028",1055,5,20,0,-0.333333333333333
"2017Tho028_2_905",6,"2017Tho028_2","2017Tho028",1057,5,20,0,-0.333333333333333
"2017Tho028_2_905",8,"2017Tho028_2","2017Tho028",1059,5,20,0,0.333333333333333
"2017Tho028_2_905",10,"2017Tho028_2","2017Tho028",1061,5,20,0,1
"2017Tho028_2_911",0,"2017Tho028_2","2017Tho028",1072,0,20,1,-1
"2017Tho028_2_911",2,"2017Tho028_2","2017Tho028",1074,0,20,0,-1
"2017Tho028_2_911",4,"2017Tho028_2","2017Tho028",1076,0,20,0,-0.333333333333333
"2017Tho028_2_911",6,"2017Tho028_2","2017Tho028",1078,0,20,0,-0.333333333333333
"2017Tho028_2_911",8,"2017Tho028_2","2017Tho028",1080,0,20,0,0.333333333333333
"2017Tho028_2_911",10,"2017Tho028_2","2017Tho028",1082,0,20,0,1
"2017Tho028_2_916",0,"2017Tho028_2","2017Tho028",1093,5,20,0,-1
"2017Tho028_2_916",2,"2017Tho028_2","2017Tho028",1095,5,20,0,-0.333333333333333
"2017Tho028_2_916",4,"2017Tho028_2","2017Tho028",1097,5,20,0,-0.333333333333333
"2017Tho028_2_916",6,"2017Tho028_2","2017Tho028",1099,5,20,0,0.333333333333333
"2017Tho028_2_916",8,"2017Tho028_2","2017Tho028",1101,5,20,0,0.333333333333333
"2017Tho028_2_916",10,"2017Tho028_2","2017Tho028",1103,5,20,0,1
"2017Tho028_2_918",0,"2017Tho028_2","2017Tho028",1114,10,20,0,-1
"2017Tho028_2_918",2,"2017Tho028_2","2017Tho028",1116,10,20,0,-1
"2017Tho028_2_918",4,"2017Tho028_2","2017Tho028",1118,10,20,0,-1
"2017Tho028_2_918",6,"2017Tho028_2","2017Tho028",1120,10,20,0,-0.333333333333333
"2017Tho028_2_918",8,"2017Tho028_2","2017Tho028",1122,10,20,0,0.333333333333333
"2017Tho028_2_918",10,"2017Tho028_2","2017Tho028",1124,10,20,1,1
"2017Tho028_2_919",0,"2017Tho028_2","2017Tho028",1135,5,20,0,-1
"2017Tho028_2_919",2,"2017Tho028_2","2017Tho028",1137,5,20,0,-0.333333333333333
"2017Tho028_2_919",4,"2017Tho028_2","2017Tho028",1139,5,20,0,-0.333333333333333
"2017Tho028_2_919",6,"2017Tho028_2","2017Tho028",1141,5,20,0,0.333333333333333
"2017Tho028_2_919",8,"2017Tho028_2","2017Tho028",1143,5,20,0,0.333333333333333
"2017Tho028_2_919",10,"2017Tho028_2","2017Tho028",1145,5,20,0,1
"2017Tho028_2_922",0,"2017Tho028_2","2017Tho028",1156,6,20,0,-1
"2017Tho028_2_922",2,"2017Tho028_2","2017Tho028",1158,6,20,0,-1
"2017Tho028_2_922",4,"2017Tho028_2","2017Tho028",1160,6,20,0,-0.333333333333333
"2017Tho028_2_922",6,"2017Tho028_2","2017Tho028",1162,6,20,1,0.333333333333333
"2017Tho028_2_922",8,"2017Tho028_2","2017Tho028",1164,6,20,0,1
"2017Tho028_2_922",10,"2017Tho028_2","2017Tho028",1166,6,20,0,1
"2017Tho028_2_923",0,"2017Tho028_2","2017Tho028",1177,0,20,1,1
"2017Tho028_2_923",2,"2017Tho028_2","2017Tho028",1179,0,20,0,1
"2017Tho028_2_923",4,"2017Tho028_2","2017Tho028",1181,0,20,0,1
"2017Tho028_2_923",6,"2017Tho028_2","2017Tho028",1183,0,20,0,1
"2017Tho028_2_923",8,"2017Tho028_2","2017Tho028",1185,0,20,0,1
"2017Tho028_2_923",10,"2017Tho028_2","2017Tho028",1187,0,20,0,1
"2017Tho028_2_924",0,"2017Tho028_2","2017Tho028",1198,0,20,1,-1
"2017Tho028_2_924",2,"2017Tho028_2","2017Tho028",1200,0,20,0,-0.333333333333333
"2017Tho028_2_924",4,"2017Tho028_2","2017Tho028",1202,0,20,0,-0.333333333333333
"2017Tho028_2_924",6,"2017Tho028_2","2017Tho028",1204,0,20,0,0.333333333333333
"2017Tho028_2_924",8,"2017Tho028_2","2017Tho028",1206,0,20,0,1
"2017Tho028_2_924",10,"2017Tho028_2","2017Tho028",1208,0,20,0,1
"2017Tho028_2_928",0,"2017Tho028_2","2017Tho028",1219,5,20,0,-1
"2017Tho028_2_928",2,"2017Tho028_2","2017Tho028",1221,5,20,0,-0.333333333333333
"2017Tho028_2_928",4,"2017Tho028_2","2017Tho028",1223,5,20,0,-0.333333333333333
"2017Tho028_2_928",6,"2017Tho028_2","2017Tho028",1225,5,20,0,1
"2017Tho028_2_928",8,"2017Tho028_2","2017Tho028",1227,5,20,0,1
"2017Tho028_2_928",10,"2017Tho028_2","2017Tho028",1229,5,20,0,1
"2017Tho028_2_929",0,"2017Tho028_2","2017Tho028",1240,10,20,0,-1
"2017Tho028_2_929",2,"2017Tho028_2","2017Tho028",1242,10,20,0,-1
"2017Tho028_2_929",4,"2017Tho028_2","2017Tho028",1244,10,20,0,-0.333333333333333
"2017Tho028_2_929",6,"2017Tho028_2","2017Tho028",1246,10,20,0,0.333333333333333
"2017Tho028_2_929",8,"2017Tho028_2","2017Tho028",1248,10,20,0,1
"2017Tho028_2_929",10,"2017Tho028_2","2017Tho028",1250,10,20,1,1
"2017Tho028_2_930",0,"2017Tho028_2","2017Tho028",1261,0,20,1,-1
"2017Tho028_2_930",2,"2017Tho028_2","2017Tho028",1263,0,20,0,-1
"2017Tho028_2_930",4,"2017Tho028_2","2017Tho028",1265,0,20,0,-0.333333333333333
"2017Tho028_2_930",6,"2017Tho028_2","2017Tho028",1267,0,20,0,-0.333333333333333
"2017Tho028_2_930",8,"2017Tho028_2","2017Tho028",1269,0,20,0,0.333333333333333
"2017Tho028_2_930",10,"2017Tho028_2","2017Tho028",1271,0,20,0,1
"2017Tho028_2_931",0,"2017Tho028_2","2017Tho028",1282,6,20,0,-1
"2017Tho028_2_931",2,"2017Tho028_2","2017Tho028",1284,6,20,0,-0.333333333333333
"2017Tho028_2_931",4,"2017Tho028_2","2017Tho028",1286,6,20,0,-0.333333333333333
"2017Tho028_2_931",6,"2017Tho028_2","2017Tho028",1288,6,20,1,0.333333333333333
"2017Tho028_2_931",8,"2017Tho028_2","2017Tho028",1290,6,20,0,1
"2017Tho028_2_931",10,"2017Tho028_2","2017Tho028",1292,6,20,0,1
